sentence,word,label
Tujhe kisiko kuch prove karne ki zarurat nahi hai,Tujhe,URD
Tujhe kisiko kuch prove karne ki zarurat nahi hai,kisiko,URD
Tujhe kisiko kuch prove karne ki zarurat nahi hai,kuch,URD
Tujhe kisiko kuch prove karne ki zarurat nahi hai,prove,ENG
Tujhe kisiko kuch prove karne ki zarurat nahi hai,karne,URD
Tujhe kisiko kuch prove karne ki zarurat nahi hai,ki,URD
Tujhe kisiko kuch prove karne ki zarurat nahi hai,zarurat,URD
Tujhe kisiko kuch prove karne ki zarurat nahi hai,nahi,URD
Tujhe kisiko kuch prove karne ki zarurat nahi hai,hai,URD
I want this play but I don't know the rules kabhi khela nahi hai but I choose dare,I,ENG
I want this play but I don't know the rules kabhi khela nahi hai but I choose dare,want,ENG
I want this play but I don't know the rules kabhi khela nahi hai but I choose dare,this,ENG
I want this play but I don't know the rules kabhi khela nahi hai but I choose dare,play,ENG
I want this play but I don't know the rules kabhi khela nahi hai but I choose dare,but,ENG
I want this play but I don't know the rules kabhi khela nahi hai but I choose dare,I,ENG
I want this play but I don't know the rules kabhi khela nahi hai but I choose dare,don't,ENG
I want this play but I don't know the rules kabhi khela nahi hai but I choose dare,know,ENG
I want this play but I don't know the rules kabhi khela nahi hai but I choose dare,the,ENG
I want this play but I don't know the rules kabhi khela nahi hai but I choose dare,rules,ENG
I want this play but I don't know the rules kabhi khela nahi hai but I choose dare,kabhi,URD
I want this play but I don't know the rules kabhi khela nahi hai but I choose dare,khela,URD
I want this play but I don't know the rules kabhi khela nahi hai but I choose dare,nahi,URD
I want this play but I don't know the rules kabhi khela nahi hai but I choose dare,hai,URD
I want this play but I don't know the rules kabhi khela nahi hai but I choose dare,but,ENG
I want this play but I don't know the rules kabhi khela nahi hai but I choose dare,I,ENG
I want this play but I don't know the rules kabhi khela nahi hai but I choose dare,choose,ENG
I want this play but I don't know the rules kabhi khela nahi hai but I choose dare,dare,ENG
wo ghar pe thanda khana nahi khati lekin show ke andar khana sacrifice kari to that's not her real face,wo,URD
wo ghar pe thanda khana nahi khati lekin show ke andar khana sacrifice kari to that's not her real face,ghar,URD
wo ghar pe thanda khana nahi khati lekin show ke andar khana sacrifice kari to that's not her real face,pe,URD
wo ghar pe thanda khana nahi khati lekin show ke andar khana sacrifice kari to that's not her real face,thanda,URD
wo ghar pe thanda khana nahi khati lekin show ke andar khana sacrifice kari to that's not her real face,khana,URD
wo ghar pe thanda khana nahi khati lekin show ke andar khana sacrifice kari to that's not her real face,nahi,URD
wo ghar pe thanda khana nahi khati lekin show ke andar khana sacrifice kari to that's not her real face,khati,URD
wo ghar pe thanda khana nahi khati lekin show ke andar khana sacrifice kari to that's not her real face,lekin,URD
wo ghar pe thanda khana nahi khati lekin show ke andar khana sacrifice kari to that's not her real face,show,ENG
wo ghar pe thanda khana nahi khati lekin show ke andar khana sacrifice kari to that's not her real face,ke,URD
wo ghar pe thanda khana nahi khati lekin show ke andar khana sacrifice kari to that's not her real face,andar,URD
wo ghar pe thanda khana nahi khati lekin show ke andar khana sacrifice kari to that's not her real face,khana,URD
wo ghar pe thanda khana nahi khati lekin show ke andar khana sacrifice kari to that's not her real face,sacrifice,ENG
wo ghar pe thanda khana nahi khati lekin show ke andar khana sacrifice kari to that's not her real face,kari,URD
wo ghar pe thanda khana nahi khati lekin show ke andar khana sacrifice kari to that's not her real face,to,URD
wo ghar pe thanda khana nahi khati lekin show ke andar khana sacrifice kari to that's not her real face,that's,ENG
wo ghar pe thanda khana nahi khati lekin show ke andar khana sacrifice kari to that's not her real face,not,ENG
wo ghar pe thanda khana nahi khati lekin show ke andar khana sacrifice kari to that's not her real face,her,ENG
wo ghar pe thanda khana nahi khati lekin show ke andar khana sacrifice kari to that's not her real face,real,ENG
wo ghar pe thanda khana nahi khati lekin show ke andar khana sacrifice kari to that's not her real face,face,ENG
Op ko kuch pata hai nahi editing ke through chaat raha hai Sarkar ki,Op,ENG
Op ko kuch pata hai nahi editing ke through chaat raha hai Sarkar ki,ko,URD
Op ko kuch pata hai nahi editing ke through chaat raha hai Sarkar ki,kuch,URD
Op ko kuch pata hai nahi editing ke through chaat raha hai Sarkar ki,pata,URD
Op ko kuch pata hai nahi editing ke through chaat raha hai Sarkar ki,hai,URD
Op ko kuch pata hai nahi editing ke through chaat raha hai Sarkar ki,nahi,URD
Op ko kuch pata hai nahi editing ke through chaat raha hai Sarkar ki,editing,ENG
Op ko kuch pata hai nahi editing ke through chaat raha hai Sarkar ki,ke,URD
Op ko kuch pata hai nahi editing ke through chaat raha hai Sarkar ki,through,ENG
Op ko kuch pata hai nahi editing ke through chaat raha hai Sarkar ki,chaat,URD
Op ko kuch pata hai nahi editing ke through chaat raha hai Sarkar ki,raha,URD
Op ko kuch pata hai nahi editing ke through chaat raha hai Sarkar ki,hai,URD
Op ko kuch pata hai nahi editing ke through chaat raha hai Sarkar ki,Sarkar,URD
Op ko kuch pata hai nahi editing ke through chaat raha hai Sarkar ki,ki,URD
Beta apke bass ki baat nahi hai,Beta,URD
Beta apke bass ki baat nahi hai,apke,URD
Beta apke bass ki baat nahi hai,bass,URD
Beta apke bass ki baat nahi hai,ki,URD
Beta apke bass ki baat nahi hai,baat,URD
Beta apke bass ki baat nahi hai,nahi,URD
Beta apke bass ki baat nahi hai,hai,URD
Kuch nahi hone waala waise toh they will just launch condemnations bas,Kuch,URD
Kuch nahi hone waala waise toh they will just launch condemnations bas,nahi,URD
Kuch nahi hone waala waise toh they will just launch condemnations bas,hone,URD
Kuch nahi hone waala waise toh they will just launch condemnations bas,waala,URD
Kuch nahi hone waala waise toh they will just launch condemnations bas,waise,URD
Kuch nahi hone waala waise toh they will just launch condemnations bas,toh,URD
Kuch nahi hone waala waise toh they will just launch condemnations bas,they,ENG
Kuch nahi hone waala waise toh they will just launch condemnations bas,will,ENG
Kuch nahi hone waala waise toh they will just launch condemnations bas,just,ENG
Kuch nahi hone waala waise toh they will just launch condemnations bas,launch,ENG
Kuch nahi hone waala waise toh they will just launch condemnations bas,condemnations,ENG
Kuch nahi hone waala waise toh they will just launch condemnations bas,bas,URD
Suru ho gaya inka sale log JH se hai bhi nahi they don't even know which types of exams are being taken,Suru,URD
Suru ho gaya inka sale log JH se hai bhi nahi they don't even know which types of exams are being taken,ho,URD
Suru ho gaya inka sale log JH se hai bhi nahi they don't even know which types of exams are being taken,gaya,URD
Suru ho gaya inka sale log JH se hai bhi nahi they don't even know which types of exams are being taken,inka,URD
Suru ho gaya inka sale log JH se hai bhi nahi they don't even know which types of exams are being taken,sale,URD
Suru ho gaya inka sale log JH se hai bhi nahi they don't even know which types of exams are being taken,log,URD
Suru ho gaya inka sale log JH se hai bhi nahi they don't even know which types of exams are being taken,JH,ENG
Suru ho gaya inka sale log JH se hai bhi nahi they don't even know which types of exams are being taken,se,URD
Suru ho gaya inka sale log JH se hai bhi nahi they don't even know which types of exams are being taken,hai,URD
Suru ho gaya inka sale log JH se hai bhi nahi they don't even know which types of exams are being taken,bhi,URD
Suru ho gaya inka sale log JH se hai bhi nahi they don't even know which types of exams are being taken,nahi,URD
Suru ho gaya inka sale log JH se hai bhi nahi they don't even know which types of exams are being taken,they,ENG
Suru ho gaya inka sale log JH se hai bhi nahi they don't even know which types of exams are being taken,don't,ENG
Suru ho gaya inka sale log JH se hai bhi nahi they don't even know which types of exams are being taken,even,ENG
Suru ho gaya inka sale log JH se hai bhi nahi they don't even know which types of exams are being taken,know,ENG
Suru ho gaya inka sale log JH se hai bhi nahi they don't even know which types of exams are being taken,which,ENG
Suru ho gaya inka sale log JH se hai bhi nahi they don't even know which types of exams are being taken,types,ENG
Suru ho gaya inka sale log JH se hai bhi nahi they don't even know which types of exams are being taken,of,ENG
Suru ho gaya inka sale log JH se hai bhi nahi they don't even know which types of exams are being taken,exams,ENG
Suru ho gaya inka sale log JH se hai bhi nahi they don't even know which types of exams are being taken,are,ENG
Suru ho gaya inka sale log JH se hai bhi nahi they don't even know which types of exams are being taken,being,ENG
Suru ho gaya inka sale log JH se hai bhi nahi they don't even know which types of exams are being taken,taken,ENG
"Jab main opposition mein tha, tab Sawaal mera hathiyar tha",Jab,URD
"Jab main opposition mein tha, tab Sawaal mera hathiyar tha",main,URD
"Jab main opposition mein tha, tab Sawaal mera hathiyar tha",opposition,ENG
"Jab main opposition mein tha, tab Sawaal mera hathiyar tha",mein,URD
"Jab main opposition mein tha, tab Sawaal mera hathiyar tha",tha,URD
"Jab main opposition mein tha, tab Sawaal mera hathiyar tha",tab,URD
"Jab main opposition mein tha, tab Sawaal mera hathiyar tha",Sawaal,URD
"Jab main opposition mein tha, tab Sawaal mera hathiyar tha",mera,URD
"Jab main opposition mein tha, tab Sawaal mera hathiyar tha",hathiyar,URD
"Jab main opposition mein tha, tab Sawaal mera hathiyar tha",tha,URD
"Aaj main treasury benches par hoon, ab Solution meri zimmedari hai",Aaj,URD
"Aaj main treasury benches par hoon, ab Solution meri zimmedari hai",main,URD
"Aaj main treasury benches par hoon, ab Solution meri zimmedari hai",treasury,ENG
"Aaj main treasury benches par hoon, ab Solution meri zimmedari hai",benches,ENG
"Aaj main treasury benches par hoon, ab Solution meri zimmedari hai",par,URD
"Aaj main treasury benches par hoon, ab Solution meri zimmedari hai",hoon,URD
"Aaj main treasury benches par hoon, ab Solution meri zimmedari hai",ab,URD
"Aaj main treasury benches par hoon, ab Solution meri zimmedari hai",Solution,ENG
"Aaj main treasury benches par hoon, ab Solution meri zimmedari hai",meri,URD
"Aaj main treasury benches par hoon, ab Solution meri zimmedari hai",zimmedari,URD
"Aaj main treasury benches par hoon, ab Solution meri zimmedari hai",hai,URD
Bhai chup reh yaar pls! You will contribute more to democracy if you kept shut,Bhai,URD
Bhai chup reh yaar pls! You will contribute more to democracy if you kept shut,chup,URD
Bhai chup reh yaar pls! You will contribute more to democracy if you kept shut,reh,URD
Bhai chup reh yaar pls! You will contribute more to democracy if you kept shut,yaar,URD
Bhai chup reh yaar pls! You will contribute more to democracy if you kept shut,pls,ENG
Bhai chup reh yaar pls! You will contribute more to democracy if you kept shut,You,ENG
Bhai chup reh yaar pls! You will contribute more to democracy if you kept shut,will,ENG
Bhai chup reh yaar pls! You will contribute more to democracy if you kept shut,contribute,ENG
Bhai chup reh yaar pls! You will contribute more to democracy if you kept shut,more,ENG
Bhai chup reh yaar pls! You will contribute more to democracy if you kept shut,to,ENG
Bhai chup reh yaar pls! You will contribute more to democracy if you kept shut,democracy,ENG
Bhai chup reh yaar pls! You will contribute more to democracy if you kept shut,if,ENG
Bhai chup reh yaar pls! You will contribute more to democracy if you kept shut,you,ENG
Bhai chup reh yaar pls! You will contribute more to democracy if you kept shut,kept,ENG
Bhai chup reh yaar pls! You will contribute more to democracy if you kept shut,shut,ENG
Bhai private hospitals r mostly owned by BJ party affiliated rich,Bhai,URD
Bhai private hospitals r mostly owned by BJ party affiliated rich,private,ENG
Bhai private hospitals r mostly owned by BJ party affiliated rich,hospitals,ENG
Bhai private hospitals r mostly owned by BJ party affiliated rich,r,ENG
Bhai private hospitals r mostly owned by BJ party affiliated rich,mostly,ENG
Bhai private hospitals r mostly owned by BJ party affiliated rich,owned,ENG
Bhai private hospitals r mostly owned by BJ party affiliated rich,by,ENG
Bhai private hospitals r mostly owned by BJ party affiliated rich,BJ,ENG
Bhai private hospitals r mostly owned by BJ party affiliated rich,party,ENG
Bhai private hospitals r mostly owned by BJ party affiliated rich,affiliated,ENG
Bhai private hospitals r mostly owned by BJ party affiliated rich,rich,ENG
"Kya yaar, accountant hi ban jata",Kya,URD
"Kya yaar, accountant hi ban jata",yaar,URD
"Kya yaar, accountant hi ban jata",accountant,ENG
"Kya yaar, accountant hi ban jata",hi,URD
"Kya yaar, accountant hi ban jata",ban,URD
"Kya yaar, accountant hi ban jata",jata,URD
Aur bhai sari jimmedari CJP valo ki thodi hai yaar,Aur,URD
Aur bhai sari jimmedari CJP valo ki thodi hai yaar,bhai,URD
Aur bhai sari jimmedari CJP valo ki thodi hai yaar,sari,URD
Aur bhai sari jimmedari CJP valo ki thodi hai yaar,jimmedari,URD
Aur bhai sari jimmedari CJP valo ki thodi hai yaar,CJP,ENG
Aur bhai sari jimmedari CJP valo ki thodi hai yaar,valo,URD
Aur bhai sari jimmedari CJP valo ki thodi hai yaar,ki,URD
Aur bhai sari jimmedari CJP valo ki thodi hai yaar,thodi,URD
Aur bhai sari jimmedari CJP valo ki thodi hai yaar,hai,URD
Aur bhai sari jimmedari CJP valo ki thodi hai yaar,yaar,URD
Ye to tumhe government se puchna chahiye na,Ye,URD
Ye to tumhe government se puchna chahiye na,to,URD
Ye to tumhe government se puchna chahiye na,tumhe,URD
Ye to tumhe government se puchna chahiye na,government,ENG
Ye to tumhe government se puchna chahiye na,se,URD
Ye to tumhe government se puchna chahiye na,puchna,URD
Ye to tumhe government se puchna chahiye na,chahiye,URD
Ye to tumhe government se puchna chahiye na,na,URD
Iska ek bhi video maine nahi dekha aaj tak,Iska,URD
Iska ek bhi video maine nahi dekha aaj tak,ek,URD
Iska ek bhi video maine nahi dekha aaj tak,bhi,URD
Iska ek bhi video maine nahi dekha aaj tak,video,ENG
Iska ek bhi video maine nahi dekha aaj tak,maine,URD
Iska ek bhi video maine nahi dekha aaj tak,nahi,URD
Iska ek bhi video maine nahi dekha aaj tak,dekha,URD
Iska ek bhi video maine nahi dekha aaj tak,aaj,URD
Iska ek bhi video maine nahi dekha aaj tak,tak,URD
"arey bhai, true yaar, starting mein toh hype real thi par form hi nahi mila is season",arey,URD
"arey bhai, true yaar, starting mein toh hype real thi par form hi nahi mila is season",bhai,URD
"arey bhai, true yaar, starting mein toh hype real thi par form hi nahi mila is season",true,ENG
"arey bhai, true yaar, starting mein toh hype real thi par form hi nahi mila is season",yaar,URD
"arey bhai, true yaar, starting mein toh hype real thi par form hi nahi mila is season",starting,ENG
"arey bhai, true yaar, starting mein toh hype real thi par form hi nahi mila is season",mein,URD
"arey bhai, true yaar, starting mein toh hype real thi par form hi nahi mila is season",toh,URD
"arey bhai, true yaar, starting mein toh hype real thi par form hi nahi mila is season",hype,ENG
"arey bhai, true yaar, starting mein toh hype real thi par form hi nahi mila is season",real,ENG
"arey bhai, true yaar, starting mein toh hype real thi par form hi nahi mila is season",thi,URD
"arey bhai, true yaar, starting mein toh hype real thi par form hi nahi mila is season",par,URD
"arey bhai, true yaar, starting mein toh hype real thi par form hi nahi mila is season",form,ENG
"arey bhai, true yaar, starting mein toh hype real thi par form hi nahi mila is season",hi,URD
"arey bhai, true yaar, starting mein toh hype real thi par form hi nahi mila is season",nahi,URD
"arey bhai, true yaar, starting mein toh hype real thi par form hi nahi mila is season",mila,URD
"arey bhai, true yaar, starting mein toh hype real thi par form hi nahi mila is season",is,URD
"arey bhai, true yaar, starting mein toh hype real thi par form hi nahi mila is season",season,ENG
Nawab: Bas karo ab yaar aur kitna ladna hai tumhe,Nawab,URD
Nawab: Bas karo ab yaar aur kitna ladna hai tumhe,Bas,URD
Nawab: Bas karo ab yaar aur kitna ladna hai tumhe,karo,URD
Nawab: Bas karo ab yaar aur kitna ladna hai tumhe,ab,URD
Nawab: Bas karo ab yaar aur kitna ladna hai tumhe,yaar,URD
Nawab: Bas karo ab yaar aur kitna ladna hai tumhe,aur,URD
Nawab: Bas karo ab yaar aur kitna ladna hai tumhe,kitna,URD
Nawab: Bas karo ab yaar aur kitna ladna hai tumhe,ladna,URD
Nawab: Bas karo ab yaar aur kitna ladna hai tumhe,hai,URD
Nawab: Bas karo ab yaar aur kitna ladna hai tumhe,tumhe,URD
true bhai rcb squad looks solid on paper yaar,true,ENG
true bhai rcb squad looks solid on paper yaar,bhai,URD
true bhai rcb squad looks solid on paper yaar,rcb,ENG
true bhai rcb squad looks solid on paper yaar,squad,ENG
true bhai rcb squad looks solid on paper yaar,looks,ENG
true bhai rcb squad looks solid on paper yaar,solid,ENG
true bhai rcb squad looks solid on paper yaar,on,ENG
true bhai rcb squad looks solid on paper yaar,paper,ENG
true bhai rcb squad looks solid on paper yaar,yaar,URD
"arre bhai comfort is king, yaar simple life, big gains",arre,URD
"arre bhai comfort is king, yaar simple life, big gains",bhai,URD
"arre bhai comfort is king, yaar simple life, big gains",comfort,ENG
"arre bhai comfort is king, yaar simple life, big gains",is,ENG
"arre bhai comfort is king, yaar simple life, big gains",king,ENG
"arre bhai comfort is king, yaar simple life, big gains",yaar,URD
"arre bhai comfort is king, yaar simple life, big gains",simple,ENG
"arre bhai comfort is king, yaar simple life, big gains",life,ENG
"arre bhai comfort is king, yaar simple life, big gains",big,ENG
"arre bhai comfort is king, yaar simple life, big gains",gains,ENG
Once bhai said 'It's done yaar Sonam',Once,ENG
Once bhai said 'It's done yaar Sonam',bhai,URD
Once bhai said 'It's done yaar Sonam',said,ENG
Once bhai said 'It's done yaar Sonam',It's,ENG
Once bhai said 'It's done yaar Sonam',done,ENG
Once bhai said 'It's done yaar Sonam',yaar,URD
Once bhai said 'It's done yaar Sonam',Sonam,URD
Kyo karte ho ye sab,Kyo,URD
Kyo karte ho ye sab,karte,URD
Kyo karte ho ye sab,ho,URD
Kyo karte ho ye sab,ye,URD
Kyo karte ho ye sab,sab,URD
Bihar ek achhi jagah hai,Bihar,URD
Bihar ek achhi jagah hai,ek,URD
Bihar ek achhi jagah hai,achhi,URD
Bihar ek achhi jagah hai,jagah,URD
Bihar ek achhi jagah hai,hai,URD
Are bhai mazak hai yaar. Don't take seriously,Are,URD
Are bhai mazak hai yaar. Don't take seriously,bhai,URD
Are bhai mazak hai yaar. Don't take seriously,mazak,URD
Are bhai mazak hai yaar. Don't take seriously,hai,URD
Are bhai mazak hai yaar. Don't take seriously,yaar,URD
Are bhai mazak hai yaar. Don't take seriously,Don't,ENG
Are bhai mazak hai yaar. Don't take seriously,take,ENG
Are bhai mazak hai yaar. Don't take seriously,seriously,ENG
LAST TIME KYUN BHAI YAAR I HATE THIS FEELING,LAST,ENG
LAST TIME KYUN BHAI YAAR I HATE THIS FEELING,TIME,ENG
LAST TIME KYUN BHAI YAAR I HATE THIS FEELING,KYUN,URD
LAST TIME KYUN BHAI YAAR I HATE THIS FEELING,BHAI,URD
LAST TIME KYUN BHAI YAAR I HATE THIS FEELING,YAAR,URD
LAST TIME KYUN BHAI YAAR I HATE THIS FEELING,I,ENG
LAST TIME KYUN BHAI YAAR I HATE THIS FEELING,HATE,ENG
LAST TIME KYUN BHAI YAAR I HATE THIS FEELING,THIS,ENG
LAST TIME KYUN BHAI YAAR I HATE THIS FEELING,FEELING,ENG
Dil dukh Raha bhai yaar abhi,Dil,URD
Dil dukh Raha bhai yaar abhi,dukh,URD
Dil dukh Raha bhai yaar abhi,Raha,URD
Dil dukh Raha bhai yaar abhi,bhai,URD
Dil dukh Raha bhai yaar abhi,yaar,URD
Dil dukh Raha bhai yaar abhi,abhi,URD
Hnn me toh apny bhai ky sath krti hoon,Hnn,URD
Hnn me toh apny bhai ky sath krti hoon,me,URD
Hnn me toh apny bhai ky sath krti hoon,toh,URD
Hnn me toh apny bhai ky sath krti hoon,apny,URD
Hnn me toh apny bhai ky sath krti hoon,bhai,URD
Hnn me toh apny bhai ky sath krti hoon,ky,URD
Hnn me toh apny bhai ky sath krti hoon,sath,URD
Hnn me toh apny bhai ky sath krti hoon,krti,URD
Hnn me toh apny bhai ky sath krti hoon,hoon,URD
Yaar mere bhai are the most boring people,Yaar,URD
Yaar mere bhai are the most boring people,mere,URD
Yaar mere bhai are the most boring people,bhai,URD
Yaar mere bhai are the most boring people,are,ENG
Yaar mere bhai are the most boring people,the,ENG
Yaar mere bhai are the most boring people,most,ENG
Yaar mere bhai are the most boring people,boring,ENG
Yaar mere bhai are the most boring people,people,ENG
Waah yaar Fukra Bhai waah yaar Dailogue is more Real,Waah,URD
Waah yaar Fukra Bhai waah yaar Dailogue is more Real,yaar,URD
Waah yaar Fukra Bhai waah yaar Dailogue is more Real,Fukra,URD
Waah yaar Fukra Bhai waah yaar Dailogue is more Real,Bhai,URD
Waah yaar Fukra Bhai waah yaar Dailogue is more Real,waah,URD
Waah yaar Fukra Bhai waah yaar Dailogue is more Real,yaar,URD
Waah yaar Fukra Bhai waah yaar Dailogue is more Real,Dailogue,ENG
Waah yaar Fukra Bhai waah yaar Dailogue is more Real,is,ENG
Waah yaar Fukra Bhai waah yaar Dailogue is more Real,more,ENG
Waah yaar Fukra Bhai waah yaar Dailogue is more Real,Real,ENG
Mera project pr bhi lag Jana aj ka din,Mera,URD
Mera project pr bhi lag Jana aj ka din,project,ENG
Mera project pr bhi lag Jana aj ka din,pr,URD
Mera project pr bhi lag Jana aj ka din,bhi,URD
Mera project pr bhi lag Jana aj ka din,lag,URD
Mera project pr bhi lag Jana aj ka din,Jana,URD
Mera project pr bhi lag Jana aj ka din,aj,URD
Mera project pr bhi lag Jana aj ka din,ka,URD
Mera project pr bhi lag Jana aj ka din,din,URD
Ai se bnwalena ppt aj,Ai,ENG
Ai se bnwalena ppt aj,se,URD
Ai se bnwalena ppt aj,bnwalena,URD
Ai se bnwalena ppt aj,ppt,ENG
Ai se bnwalena ppt aj,aj,URD
Main presentation bna rhi thi aj phir mai ab raat ki sai krungi usko aur smjhugi,Main,URD
Main presentation bna rhi thi aj phir mai ab raat ki sai krungi usko aur smjhugi,presentation,ENG
Main presentation bna rhi thi aj phir mai ab raat ki sai krungi usko aur smjhugi,bna,URD
Main presentation bna rhi thi aj phir mai ab raat ki sai krungi usko aur smjhugi,rhi,URD
Main presentation bna rhi thi aj phir mai ab raat ki sai krungi usko aur smjhugi,thi,URD
Main presentation bna rhi thi aj phir mai ab raat ki sai krungi usko aur smjhugi,aj,URD
Main presentation bna rhi thi aj phir mai ab raat ki sai krungi usko aur smjhugi,phir,URD
Main presentation bna rhi thi aj phir mai ab raat ki sai krungi usko aur smjhugi,mai,URD
Main presentation bna rhi thi aj phir mai ab raat ki sai krungi usko aur smjhugi,ab,URD
Main presentation bna rhi thi aj phir mai ab raat ki sai krungi usko aur smjhugi,raat,URD
Main presentation bna rhi thi aj phir mai ab raat ki sai krungi usko aur smjhugi,ki,URD
Main presentation bna rhi thi aj phir mai ab raat ki sai krungi usko aur smjhugi,sai,URD
Main presentation bna rhi thi aj phir mai ab raat ki sai krungi usko aur smjhugi,krungi,URD
Main presentation bna rhi thi aj phir mai ab raat ki sai krungi usko aur smjhugi,usko,URD
Main presentation bna rhi thi aj phir mai ab raat ki sai krungi usko aur smjhugi,aur,URD
Main presentation bna rhi thi aj phir mai ab raat ki sai krungi usko aur smjhugi,smjhugi,URD
Mne fyp pr ki thi baki batai ge to srs bnnega roadmap koi jawab nhi deta,Mne,URD
Mne fyp pr ki thi baki batai ge to srs bnnega roadmap koi jawab nhi deta,fyp,ENG
Mne fyp pr ki thi baki batai ge to srs bnnega roadmap koi jawab nhi deta,pr,URD
Mne fyp pr ki thi baki batai ge to srs bnnega roadmap koi jawab nhi deta,ki,URD
Mne fyp pr ki thi baki batai ge to srs bnnega roadmap koi jawab nhi deta,thi,URD
Mne fyp pr ki thi baki batai ge to srs bnnega roadmap koi jawab nhi deta,baki,URD
Mne fyp pr ki thi baki batai ge to srs bnnega roadmap koi jawab nhi deta,batai,URD
Mne fyp pr ki thi baki batai ge to srs bnnega roadmap koi jawab nhi deta,ge,URD
Mne fyp pr ki thi baki batai ge to srs bnnega roadmap koi jawab nhi deta,to,URD
Mne fyp pr ki thi baki batai ge to srs bnnega roadmap koi jawab nhi deta,srs,ENG
Mne fyp pr ki thi baki batai ge to srs bnnega roadmap koi jawab nhi deta,bnnega,URD
Mne fyp pr ki thi baki batai ge to srs bnnega roadmap koi jawab nhi deta,roadmap,ENG
Mne fyp pr ki thi baki batai ge to srs bnnega roadmap koi jawab nhi deta,koi,URD
Mne fyp pr ki thi baki batai ge to srs bnnega roadmap koi jawab nhi deta,jawab,URD
Mne fyp pr ki thi baki batai ge to srs bnnega roadmap koi jawab nhi deta,nhi,URD
Mne fyp pr ki thi baki batai ge to srs bnnega roadmap koi jawab nhi deta,deta,URD
kya show horaha student id mein,kya,URD
kya show horaha student id mein,show,ENG
kya show horaha student id mein,horaha,URD
kya show horaha student id mein,student,ENG
kya show horaha student id mein,id,ENG
kya show horaha student id mein,mein,URD
Goggle sheets mne download ki thi nhy apple ne suggest kia tha khul gye thi,Goggle,ENG
Goggle sheets mne download ki thi nhy apple ne suggest kia tha khul gye thi,sheets,ENG
Goggle sheets mne download ki thi nhy apple ne suggest kia tha khul gye thi,mne,URD
Goggle sheets mne download ki thi nhy apple ne suggest kia tha khul gye thi,download,ENG
Goggle sheets mne download ki thi nhy apple ne suggest kia tha khul gye thi,ki,URD
Goggle sheets mne download ki thi nhy apple ne suggest kia tha khul gye thi,thi,URD
Goggle sheets mne download ki thi nhy apple ne suggest kia tha khul gye thi,nhy,URD
Goggle sheets mne download ki thi nhy apple ne suggest kia tha khul gye thi,apple,ENG
Goggle sheets mne download ki thi nhy apple ne suggest kia tha khul gye thi,ne,URD
Goggle sheets mne download ki thi nhy apple ne suggest kia tha khul gye thi,suggest,ENG
Goggle sheets mne download ki thi nhy apple ne suggest kia tha khul gye thi,kia,URD
Goggle sheets mne download ki thi nhy apple ne suggest kia tha khul gye thi,tha,URD
Goggle sheets mne download ki thi nhy apple ne suggest kia tha khul gye thi,khul,URD
Goggle sheets mne download ki thi nhy apple ne suggest kia tha khul gye thi,gye,URD
Goggle sheets mne download ki thi nhy apple ne suggest kia tha khul gye thi,thi,URD
muje smj ni ayi Kya bolu isay abhi tk reply ni kia mene,muje,URD
muje smj ni ayi Kya bolu isay abhi tk reply ni kia mene,smj,URD
muje smj ni ayi Kya bolu isay abhi tk reply ni kia mene,ni,URD
muje smj ni ayi Kya bolu isay abhi tk reply ni kia mene,ayi,URD
muje smj ni ayi Kya bolu isay abhi tk reply ni kia mene,Kya,URD
muje smj ni ayi Kya bolu isay abhi tk reply ni kia mene,bolu,URD
muje smj ni ayi Kya bolu isay abhi tk reply ni kia mene,isay,URD
muje smj ni ayi Kya bolu isay abhi tk reply ni kia mene,abhi,URD
muje smj ni ayi Kya bolu isay abhi tk reply ni kia mene,tk,URD
muje smj ni ayi Kya bolu isay abhi tk reply ni kia mene,reply,ENG
muje smj ni ayi Kya bolu isay abhi tk reply ni kia mene,ni,URD
muje smj ni ayi Kya bolu isay abhi tk reply ni kia mene,kia,URD
muje smj ni ayi Kya bolu isay abhi tk reply ni kia mene,mene,URD
yar wo student id wala Kya hai mere khul hi nahi raha,yar,URD
yar wo student id wala Kya hai mere khul hi nahi raha,wo,URD
yar wo student id wala Kya hai mere khul hi nahi raha,student,ENG
yar wo student id wala Kya hai mere khul hi nahi raha,id,ENG
yar wo student id wala Kya hai mere khul hi nahi raha,wala,URD
yar wo student id wala Kya hai mere khul hi nahi raha,Kya,URD
yar wo student id wala Kya hai mere khul hi nahi raha,hai,URD
yar wo student id wala Kya hai mere khul hi nahi raha,mere,URD
yar wo student id wala Kya hai mere khul hi nahi raha,khul,URD
yar wo student id wala Kya hai mere khul hi nahi raha,hi,URD
yar wo student id wala Kya hai mere khul hi nahi raha,nahi,URD
yar wo student id wala Kya hai mere khul hi nahi raha,raha,URD
Mne oats se healthy brownie bnai,Mne,URD
Mne oats se healthy brownie bnai,oats,ENG
Mne oats se healthy brownie bnai,se,URD
Mne oats se healthy brownie bnai,healthy,ENG
Mne oats se healthy brownie bnai,brownie,ENG
Mne oats se healthy brownie bnai,bnai,URD
Mne to bs thora sa tehgya ab limit 9 bje milne tb lgadnea,Mne,URD
Mne to bs thora sa tehgya ab limit 9 bje milne tb lgadnea,to,URD
Mne to bs thora sa tehgya ab limit 9 bje milne tb lgadnea,bs,URD
Mne to bs thora sa tehgya ab limit 9 bje milne tb lgadnea,thora,URD
Mne to bs thora sa tehgya ab limit 9 bje milne tb lgadnea,sa,URD
Mne to bs thora sa tehgya ab limit 9 bje milne tb lgadnea,tehgya,URD
Mne to bs thora sa tehgya ab limit 9 bje milne tb lgadnea,ab,URD
Mne to bs thora sa tehgya ab limit 9 bje milne tb lgadnea,limit,ENG
Mne to bs thora sa tehgya ab limit 9 bje milne tb lgadnea,9,URD
Mne to bs thora sa tehgya ab limit 9 bje milne tb lgadnea,bje,URD
Mne to bs thora sa tehgya ab limit 9 bje milne tb lgadnea,milne,URD
Mne to bs thora sa tehgya ab limit 9 bje milne tb lgadnea,tb,URD
Mne to bs thora sa tehgya ab limit 9 bje milne tb lgadnea,lgadnea,URD
Mne data bs lelia hai usmai neg way bhi tha ab log commnets positive km hi krte hai emre glti nhi,Mne,URD
Mne data bs lelia hai usmai neg way bhi tha ab log commnets positive km hi krte hai emre glti nhi,data,ENG
Mne data bs lelia hai usmai neg way bhi tha ab log commnets positive km hi krte hai emre glti nhi,bs,URD
Mne data bs lelia hai usmai neg way bhi tha ab log commnets positive km hi krte hai emre glti nhi,lelia,URD
Mne data bs lelia hai usmai neg way bhi tha ab log commnets positive km hi krte hai emre glti nhi,hai,URD
Mne data bs lelia hai usmai neg way bhi tha ab log commnets positive km hi krte hai emre glti nhi,usmai,URD
Mne data bs lelia hai usmai neg way bhi tha ab log commnets positive km hi krte hai emre glti nhi,neg,ENG
Mne data bs lelia hai usmai neg way bhi tha ab log commnets positive km hi krte hai emre glti nhi,way,ENG
Mne data bs lelia hai usmai neg way bhi tha ab log commnets positive km hi krte hai emre glti nhi,bhi,URD
Mne data bs lelia hai usmai neg way bhi tha ab log commnets positive km hi krte hai emre glti nhi,tha,URD
Mne data bs lelia hai usmai neg way bhi tha ab log commnets positive km hi krte hai emre glti nhi,ab,URD
Mne data bs lelia hai usmai neg way bhi tha ab log commnets positive km hi krte hai emre glti nhi,log,URD
Mne data bs lelia hai usmai neg way bhi tha ab log commnets positive km hi krte hai emre glti nhi,commnets,ENG
Mne data bs lelia hai usmai neg way bhi tha ab log commnets positive km hi krte hai emre glti nhi,positive,ENG
Mne data bs lelia hai usmai neg way bhi tha ab log commnets positive km hi krte hai emre glti nhi,km,URD
Mne data bs lelia hai usmai neg way bhi tha ab log commnets positive km hi krte hai emre glti nhi,hi,URD
Mne data bs lelia hai usmai neg way bhi tha ab log commnets positive km hi krte hai emre glti nhi,krte,URD
Mne data bs lelia hai usmai neg way bhi tha ab log commnets positive km hi krte hai emre glti nhi,hai,URD
Mne data bs lelia hai usmai neg way bhi tha ab log commnets positive km hi krte hai emre glti nhi,emre,URD
Mne data bs lelia hai usmai neg way bhi tha ab log commnets positive km hi krte hai emre glti nhi,glti,URD
Mne data bs lelia hai usmai neg way bhi tha ab log commnets positive km hi krte hai emre glti nhi,nhi,URD
yar auntie ayi hain neighbors,yar,URD
yar auntie ayi hain neighbors,auntie,ENG
yar auntie ayi hain neighbors,ayi,URD
yar auntie ayi hain neighbors,hain,URD
yar auntie ayi hain neighbors,neighbors,ENG
mein tb se ghr ke kaam kr rai ab Raat ko start kru gi krna,mein,URD
mein tb se ghr ke kaam kr rai ab Raat ko start kru gi krna,tb,URD
mein tb se ghr ke kaam kr rai ab Raat ko start kru gi krna,se,URD
mein tb se ghr ke kaam kr rai ab Raat ko start kru gi krna,ghr,URD
mein tb se ghr ke kaam kr rai ab Raat ko start kru gi krna,ke,URD
mein tb se ghr ke kaam kr rai ab Raat ko start kru gi krna,kaam,URD
mein tb se ghr ke kaam kr rai ab Raat ko start kru gi krna,kr,URD
mein tb se ghr ke kaam kr rai ab Raat ko start kru gi krna,rai,URD
mein tb se ghr ke kaam kr rai ab Raat ko start kru gi krna,ab,URD
mein tb se ghr ke kaam kr rai ab Raat ko start kru gi krna,Raat,URD
mein tb se ghr ke kaam kr rai ab Raat ko start kru gi krna,ko,URD
mein tb se ghr ke kaam kr rai ab Raat ko start kru gi krna,start,ENG
mein tb se ghr ke kaam kr rai ab Raat ko start kru gi krna,kru,URD
mein tb se ghr ke kaam kr rai ab Raat ko start kru gi krna,gi,URD
mein tb se ghr ke kaam kr rai ab Raat ko start kru gi krna,krna,URD
Ma ab apna week 6 aj khatam krlena jesa bhi ho,Ma,URD
Ma ab apna week 6 aj khatam krlena jesa bhi ho,ab,URD
Ma ab apna week 6 aj khatam krlena jesa bhi ho,apna,URD
Ma ab apna week 6 aj khatam krlena jesa bhi ho,week,ENG
Ma ab apna week 6 aj khatam krlena jesa bhi ho,6,URD
Ma ab apna week 6 aj khatam krlena jesa bhi ho,aj,URD
Ma ab apna week 6 aj khatam krlena jesa bhi ho,khatam,URD
Ma ab apna week 6 aj khatam krlena jesa bhi ho,krlena,URD
Ma ab apna week 6 aj khatam krlena jesa bhi ho,jesa,URD
Ma ab apna week 6 aj khatam krlena jesa bhi ho,bhi,URD
Ma ab apna week 6 aj khatam krlena jesa bhi ho,ho,URD
han presentation bhi bnani prni,han,URD
han presentation bhi bnani prni,presentation,ENG
han presentation bhi bnani prni,bhi,URD
han presentation bhi bnani prni,bnani,URD
han presentation bhi bnani prni,prni,URD
Pehle bhi howa hai mere sath nhi krte as such,Pehle,URD
Pehle bhi howa hai mere sath nhi krte as such,bhi,URD
Pehle bhi howa hai mere sath nhi krte as such,howa,URD
Pehle bhi howa hai mere sath nhi krte as such,hai,URD
Pehle bhi howa hai mere sath nhi krte as such,mere,URD
Pehle bhi howa hai mere sath nhi krte as such,sath,URD
Pehle bhi howa hai mere sath nhi krte as such,nhi,URD
Pehle bhi howa hai mere sath nhi krte as such,krte,URD
Pehle bhi howa hai mere sath nhi krte as such,as,ENG
Pehle bhi howa hai mere sath nhi krte as such,such,ENG
Serious talk tmhare sath krte hai mere stah nhi mai jawab dedete ho ais liye,Serious,ENG
Serious talk tmhare sath krte hai mere stah nhi mai jawab dedete ho ais liye,talk,ENG
Serious talk tmhare sath krte hai mere stah nhi mai jawab dedete ho ais liye,tmhare,URD
Serious talk tmhare sath krte hai mere stah nhi mai jawab dedete ho ais liye,sath,URD
Serious talk tmhare sath krte hai mere stah nhi mai jawab dedete ho ais liye,krte,URD
Serious talk tmhare sath krte hai mere stah nhi mai jawab dedete ho ais liye,hai,URD
Serious talk tmhare sath krte hai mere stah nhi mai jawab dedete ho ais liye,mere,URD
Serious talk tmhare sath krte hai mere stah nhi mai jawab dedete ho ais liye,stah,URD
Serious talk tmhare sath krte hai mere stah nhi mai jawab dedete ho ais liye,nhi,URD
Serious talk tmhare sath krte hai mere stah nhi mai jawab dedete ho ais liye,mai,URD
Serious talk tmhare sath krte hai mere stah nhi mai jawab dedete ho ais liye,jawab,URD
Serious talk tmhare sath krte hai mere stah nhi mai jawab dedete ho ais liye,dedete,URD
Serious talk tmhare sath krte hai mere stah nhi mai jawab dedete ho ais liye,ho,URD
Serious talk tmhare sath krte hai mere stah nhi mai jawab dedete ho ais liye,ais,URD
Serious talk tmhare sath krte hai mere stah nhi mai jawab dedete ho ais liye,liye,URD
Mai bhi krne lgi ab internship ka,Mai,URD
Mai bhi krne lgi ab internship ka,bhi,URD
Mai bhi krne lgi ab internship ka,krne,URD
Mai bhi krne lgi ab internship ka,lgi,URD
Mai bhi krne lgi ab internship ka,ab,URD
Mai bhi krne lgi ab internship ka,internship,ENG
Mai bhi krne lgi ab internship ka,ka,URD
yar mera kaan phir shuru hi gya uski waja se aj ka din bhi Pura zaya mera,yar,URD
yar mera kaan phir shuru hi gya uski waja se aj ka din bhi Pura zaya mera,mera,URD
yar mera kaan phir shuru hi gya uski waja se aj ka din bhi Pura zaya mera,kaan,URD
yar mera kaan phir shuru hi gya uski waja se aj ka din bhi Pura zaya mera,phir,URD
yar mera kaan phir shuru hi gya uski waja se aj ka din bhi Pura zaya mera,shuru,URD
yar mera kaan phir shuru hi gya uski waja se aj ka din bhi Pura zaya mera,hi,URD
yar mera kaan phir shuru hi gya uski waja se aj ka din bhi Pura zaya mera,gya,URD
yar mera kaan phir shuru hi gya uski waja se aj ka din bhi Pura zaya mera,uski,URD
yar mera kaan phir shuru hi gya uski waja se aj ka din bhi Pura zaya mera,waja,URD
yar mera kaan phir shuru hi gya uski waja se aj ka din bhi Pura zaya mera,se,URD
yar mera kaan phir shuru hi gya uski waja se aj ka din bhi Pura zaya mera,aj,URD
yar mera kaan phir shuru hi gya uski waja se aj ka din bhi Pura zaya mera,ka,URD
yar mera kaan phir shuru hi gya uski waja se aj ka din bhi Pura zaya mera,din,URD
yar mera kaan phir shuru hi gya uski waja se aj ka din bhi Pura zaya mera,bhi,URD
yar mera kaan phir shuru hi gya uski waja se aj ka din bhi Pura zaya mera,Pura,URD
yar mera kaan phir shuru hi gya uski waja se aj ka din bhi Pura zaya mera,zaya,URD
yar mera kaan phir shuru hi gya uski waja se aj ka din bhi Pura zaya mera,mera,URD
Mere samne usne baat nhi ki thi jotmhare samne ki thi ke ajeeb lgrha hoga creepy aplogo ko,Mere,URD
Mere samne usne baat nhi ki thi jotmhare samne ki thi ke ajeeb lgrha hoga creepy aplogo ko,samne,URD
Mere samne usne baat nhi ki thi jotmhare samne ki thi ke ajeeb lgrha hoga creepy aplogo ko,usne,URD
Mere samne usne baat nhi ki thi jotmhare samne ki thi ke ajeeb lgrha hoga creepy aplogo ko,baat,URD
Mere samne usne baat nhi ki thi jotmhare samne ki thi ke ajeeb lgrha hoga creepy aplogo ko,nhi,URD
Mere samne usne baat nhi ki thi jotmhare samne ki thi ke ajeeb lgrha hoga creepy aplogo ko,ki,URD
Mere samne usne baat nhi ki thi jotmhare samne ki thi ke ajeeb lgrha hoga creepy aplogo ko,thi,URD
Mere samne usne baat nhi ki thi jotmhare samne ki thi ke ajeeb lgrha hoga creepy aplogo ko,jotmhare,URD
Mere samne usne baat nhi ki thi jotmhare samne ki thi ke ajeeb lgrha hoga creepy aplogo ko,samne,URD
Mere samne usne baat nhi ki thi jotmhare samne ki thi ke ajeeb lgrha hoga creepy aplogo ko,ki,URD
Mere samne usne baat nhi ki thi jotmhare samne ki thi ke ajeeb lgrha hoga creepy aplogo ko,thi,URD
Mere samne usne baat nhi ki thi jotmhare samne ki thi ke ajeeb lgrha hoga creepy aplogo ko,ke,URD
Mere samne usne baat nhi ki thi jotmhare samne ki thi ke ajeeb lgrha hoga creepy aplogo ko,ajeeb,URD
Mere samne usne baat nhi ki thi jotmhare samne ki thi ke ajeeb lgrha hoga creepy aplogo ko,lgrha,URD
Mere samne usne baat nhi ki thi jotmhare samne ki thi ke ajeeb lgrha hoga creepy aplogo ko,hoga,URD
Mere samne usne baat nhi ki thi jotmhare samne ki thi ke ajeeb lgrha hoga creepy aplogo ko,creepy,ENG
Mere samne usne baat nhi ki thi jotmhare samne ki thi ke ajeeb lgrha hoga creepy aplogo ko,aplogo,URD
Mere samne usne baat nhi ki thi jotmhare samne ki thi ke ajeeb lgrha hoga creepy aplogo ko,ko,URD
Tb mjy proper shak howa tha chupa bhi nhi thi thi,Tb,URD
Tb mjy proper shak howa tha chupa bhi nhi thi thi,mjy,URD
Tb mjy proper shak howa tha chupa bhi nhi thi thi,proper,ENG
Tb mjy proper shak howa tha chupa bhi nhi thi thi,shak,URD
Tb mjy proper shak howa tha chupa bhi nhi thi thi,howa,URD
Tb mjy proper shak howa tha chupa bhi nhi thi thi,tha,URD
Tb mjy proper shak howa tha chupa bhi nhi thi thi,chupa,URD
Tb mjy proper shak howa tha chupa bhi nhi thi thi,bhi,URD
Tb mjy proper shak howa tha chupa bhi nhi thi thi,nhi,URD
Tb mjy proper shak howa tha chupa bhi nhi thi thi,thi,URD
Tb mjy proper shak howa tha chupa bhi nhi thi thi,thi,URD
Shadi proposals aik dosre ke derhe pta krwarhe akele mjy lgta mama agai bethi hai,Shadi,URD
Shadi proposals aik dosre ke derhe pta krwarhe akele mjy lgta mama agai bethi hai,proposals,ENG
Shadi proposals aik dosre ke derhe pta krwarhe akele mjy lgta mama agai bethi hai,aik,URD
Shadi proposals aik dosre ke derhe pta krwarhe akele mjy lgta mama agai bethi hai,dosre,URD
Shadi proposals aik dosre ke derhe pta krwarhe akele mjy lgta mama agai bethi hai,ke,URD
Shadi proposals aik dosre ke derhe pta krwarhe akele mjy lgta mama agai bethi hai,derhe,URD
Shadi proposals aik dosre ke derhe pta krwarhe akele mjy lgta mama agai bethi hai,pta,URD
Shadi proposals aik dosre ke derhe pta krwarhe akele mjy lgta mama agai bethi hai,krwarhe,URD
Shadi proposals aik dosre ke derhe pta krwarhe akele mjy lgta mama agai bethi hai,akele,URD
Shadi proposals aik dosre ke derhe pta krwarhe akele mjy lgta mama agai bethi hai,mjy,URD
Shadi proposals aik dosre ke derhe pta krwarhe akele mjy lgta mama agai bethi hai,lgta,URD
Shadi proposals aik dosre ke derhe pta krwarhe akele mjy lgta mama agai bethi hai,mama,URD
Shadi proposals aik dosre ke derhe pta krwarhe akele mjy lgta mama agai bethi hai,agai,URD
Shadi proposals aik dosre ke derhe pta krwarhe akele mjy lgta mama agai bethi hai,bethi,URD
Shadi proposals aik dosre ke derhe pta krwarhe akele mjy lgta mama agai bethi hai,hai,URD
Guys mai auntio ki party mai aye ho,Guys,ENG
Guys mai auntio ki party mai aye ho,mai,URD
Guys mai auntio ki party mai aye ho,auntio,URD
Guys mai auntio ki party mai aye ho,ki,URD
Guys mai auntio ki party mai aye ho,party,ENG
Guys mai auntio ki party mai aye ho,mai,URD
Guys mai auntio ki party mai aye ho,aye,URD
Guys mai auntio ki party mai aye ho,ho,URD
Inko use krr k koi b app yaa khuch b banwana mushkil nai hy,Inko,URD
Inko use krr k koi b app yaa khuch b banwana mushkil nai hy,use,ENG
Inko use krr k koi b app yaa khuch b banwana mushkil nai hy,krr,URD
Inko use krr k koi b app yaa khuch b banwana mushkil nai hy,k,URD
Inko use krr k koi b app yaa khuch b banwana mushkil nai hy,koi,URD
Inko use krr k koi b app yaa khuch b banwana mushkil nai hy,b,URD
Inko use krr k koi b app yaa khuch b banwana mushkil nai hy,app,ENG
Inko use krr k koi b app yaa khuch b banwana mushkil nai hy,yaa,URD
Inko use krr k koi b app yaa khuch b banwana mushkil nai hy,khuch,URD
Inko use krr k koi b app yaa khuch b banwana mushkil nai hy,b,URD
Inko use krr k koi b app yaa khuch b banwana mushkil nai hy,banwana,URD
Inko use krr k koi b app yaa khuch b banwana mushkil nai hy,mushkil,URD
Inko use krr k koi b app yaa khuch b banwana mushkil nai hy,nai,URD
Inko use krr k koi b app yaa khuch b banwana mushkil nai hy,hy,URD
Haan agr us darmeyaan me koi issue aye tb kisi ko hire kro,Haan,URD
Haan agr us darmeyaan me koi issue aye tb kisi ko hire kro,agr,URD
Haan agr us darmeyaan me koi issue aye tb kisi ko hire kro,us,URD
Haan agr us darmeyaan me koi issue aye tb kisi ko hire kro,darmeyaan,URD
Haan agr us darmeyaan me koi issue aye tb kisi ko hire kro,me,URD
Haan agr us darmeyaan me koi issue aye tb kisi ko hire kro,koi,URD
Haan agr us darmeyaan me koi issue aye tb kisi ko hire kro,issue,ENG
Haan agr us darmeyaan me koi issue aye tb kisi ko hire kro,aye,URD
Haan agr us darmeyaan me koi issue aye tb kisi ko hire kro,tb,URD
Haan agr us darmeyaan me koi issue aye tb kisi ko hire kro,kisi,URD
Haan agr us darmeyaan me koi issue aye tb kisi ko hire kro,ko,URD
Haan agr us darmeyaan me koi issue aye tb kisi ko hire kro,hire,ENG
Haan agr us darmeyaan me koi issue aye tb kisi ko hire kro,kro,URD
Start se hi hire krna is not a right decision,Start,ENG
Start se hi hire krna is not a right decision,se,URD
Start se hi hire krna is not a right decision,hi,URD
Start se hi hire krna is not a right decision,hire,ENG
Start se hi hire krna is not a right decision,krna,URD
Start se hi hire krna is not a right decision,is,ENG
Start se hi hire krna is not a right decision,not,ENG
Start se hi hire krna is not a right decision,a,ENG
Start se hi hire krna is not a right decision,right,ENG
Start se hi hire krna is not a right decision,decision,ENG
Aaj mera mood nahi hai for anything,Aaj,URD
Aaj mera mood nahi hai for anything,mera,URD
Aaj mera mood nahi hai for anything,mood,URD
Aaj mera mood nahi hai for anything,nahi,URD
Aaj mera mood nahi hai for anything,hai,URD
Aaj mera mood nahi hai for anything,for,ENG
Aaj mera mood nahi hai for anything,anything,ENG
"Bhai kal mera presentation hai, still not prepared at all",Bhai,URD
"Bhai kal mera presentation hai, still not prepared at all",kal,URD
"Bhai kal mera presentation hai, still not prepared at all",mera,URD
"Bhai kal mera presentation hai, still not prepared at all",presentation,ENG
"Bhai kal mera presentation hai, still not prepared at all","hai,",URD
"Bhai kal mera presentation hai, still not prepared at all",still,ENG
"Bhai kal mera presentation hai, still not prepared at all",not,ENG
"Bhai kal mera presentation hai, still not prepared at all",prepared,URD
"Bhai kal mera presentation hai, still not prepared at all",at,ENG
"Bhai kal mera presentation hai, still not prepared at all",all,URD
Khana kha liya? I was literally waiting for you,Khana,URD
Khana kha liya? I was literally waiting for you,kha,URD
Khana kha liya? I was literally waiting for you,liya?,URD
Khana kha liya? I was literally waiting for you,I,ENG
Khana kha liya? I was literally waiting for you,was,ENG
Khana kha liya? I was literally waiting for you,literally,ENG
Khana kha liya? I was literally waiting for you,waiting,ENG
Khana kha liya? I was literally waiting for you,for,ENG
Khana kha liya? I was literally waiting for you,you,ENG
"Yaar seriously I can't even right now, bohot thak gaya hoon",Yaar,URD
"Yaar seriously I can't even right now, bohot thak gaya hoon",seriously,ENG
"Yaar seriously I can't even right now, bohot thak gaya hoon",I,ENG
"Yaar seriously I can't even right now, bohot thak gaya hoon",can't,ENG
"Yaar seriously I can't even right now, bohot thak gaya hoon",even,URD
"Yaar seriously I can't even right now, bohot thak gaya hoon",right,ENG
"Yaar seriously I can't even right now, bohot thak gaya hoon","now,",ENG
"Yaar seriously I can't even right now, bohot thak gaya hoon",bohot,URD
"Yaar seriously I can't even right now, bohot thak gaya hoon",thak,URD
"Yaar seriously I can't even right now, bohot thak gaya hoon",gaya,URD
"Yaar seriously I can't even right now, bohot thak gaya hoon",hoon,URD
"Aaj ka din bohot busy tha, had 3 meetings back to back",Aaj,URD
"Aaj ka din bohot busy tha, had 3 meetings back to back",ka,URD
"Aaj ka din bohot busy tha, had 3 meetings back to back",din,URD
"Aaj ka din bohot busy tha, had 3 meetings back to back",bohot,URD
"Aaj ka din bohot busy tha, had 3 meetings back to back",busy,ENG
"Aaj ka din bohot busy tha, had 3 meetings back to back","tha,",URD
"Aaj ka din bohot busy tha, had 3 meetings back to back",had,ENG
"Aaj ka din bohot busy tha, had 3 meetings back to back",3,URD
"Aaj ka din bohot busy tha, had 3 meetings back to back",meetings,ENG
"Aaj ka din bohot busy tha, had 3 meetings back to back",back,ENG
"Aaj ka din bohot busy tha, had 3 meetings back to back",to,ENG
"Aaj ka din bohot busy tha, had 3 meetings back to back",back,ENG
Mujhe kal subah early uthna hai for the exam,Mujhe,URD
Mujhe kal subah early uthna hai for the exam,kal,URD
Mujhe kal subah early uthna hai for the exam,subah,URD
Mujhe kal subah early uthna hai for the exam,early,ENG
Mujhe kal subah early uthna hai for the exam,uthna,URD
Mujhe kal subah early uthna hai for the exam,hai,URD
Mujhe kal subah early uthna hai for the exam,for,ENG
Mujhe kal subah early uthna hai for the exam,the,ENG
Mujhe kal subah early uthna hai for the exam,exam,ENG
Honestly ye traffic mujhe kabhi time pe nahi pohanchne deta,Honestly,ENG
Honestly ye traffic mujhe kabhi time pe nahi pohanchne deta,ye,URD
Honestly ye traffic mujhe kabhi time pe nahi pohanchne deta,traffic,ENG
Honestly ye traffic mujhe kabhi time pe nahi pohanchne deta,mujhe,URD
Honestly ye traffic mujhe kabhi time pe nahi pohanchne deta,kabhi,URD
Honestly ye traffic mujhe kabhi time pe nahi pohanchne deta,time,ENG
Honestly ye traffic mujhe kabhi time pe nahi pohanchne deta,pe,URD
Honestly ye traffic mujhe kabhi time pe nahi pohanchne deta,nahi,URD
Honestly ye traffic mujhe kabhi time pe nahi pohanchne deta,pohanchne,URD
Honestly ye traffic mujhe kabhi time pe nahi pohanchne deta,deta,URD
"Tum log plans finalize karo, I'll just tag along",Tum,URD
"Tum log plans finalize karo, I'll just tag along",log,URD
"Tum log plans finalize karo, I'll just tag along",plans,ENG
"Tum log plans finalize karo, I'll just tag along",finalize,ENG
"Tum log plans finalize karo, I'll just tag along","karo,",URD
"Tum log plans finalize karo, I'll just tag along",I'll,ENG
"Tum log plans finalize karo, I'll just tag along",just,ENG
"Tum log plans finalize karo, I'll just tag along",tag,ENG
"Tum log plans finalize karo, I'll just tag along",along,URD
"Itna garam hai aaj, can't even step outside",Itna,URD
"Itna garam hai aaj, can't even step outside",garam,URD
"Itna garam hai aaj, can't even step outside",hai,URD
"Itna garam hai aaj, can't even step outside","aaj,",URD
"Itna garam hai aaj, can't even step outside",can't,ENG
"Itna garam hai aaj, can't even step outside",even,URD
"Itna garam hai aaj, can't even step outside",step,URD
"Itna garam hai aaj, can't even step outside",outside,ENG
Mera phone ka battery dead ho gaya right in the middle of the call,Mera,URD
Mera phone ka battery dead ho gaya right in the middle of the call,phone,ENG
Mera phone ka battery dead ho gaya right in the middle of the call,ka,URD
Mera phone ka battery dead ho gaya right in the middle of the call,battery,URD
Mera phone ka battery dead ho gaya right in the middle of the call,dead,URD
Mera phone ka battery dead ho gaya right in the middle of the call,ho,URD
Mera phone ka battery dead ho gaya right in the middle of the call,gaya,URD
Mera phone ka battery dead ho gaya right in the middle of the call,right,ENG
Mera phone ka battery dead ho gaya right in the middle of the call,in,ENG
Mera phone ka battery dead ho gaya right in the middle of the call,the,ENG
Mera phone ka battery dead ho gaya right in the middle of the call,middle,ENG
Mera phone ka battery dead ho gaya right in the middle of the call,of,ENG
Mera phone ka battery dead ho gaya right in the middle of the call,the,ENG
Mera phone ka battery dead ho gaya right in the middle of the call,call,ENG
I swear yeh assignment mujhse nahi ho raha,I,ENG
I swear yeh assignment mujhse nahi ho raha,swear,URD
I swear yeh assignment mujhse nahi ho raha,yeh,URD
I swear yeh assignment mujhse nahi ho raha,assignment,ENG
I swear yeh assignment mujhse nahi ho raha,mujhse,URD
I swear yeh assignment mujhse nahi ho raha,nahi,URD
I swear yeh assignment mujhse nahi ho raha,ho,URD
I swear yeh assignment mujhse nahi ho raha,raha,URD
"Chalo ab nikalte hain, we're already running late",Chalo,URD
"Chalo ab nikalte hain, we're already running late",ab,URD
"Chalo ab nikalte hain, we're already running late",nikalte,URD
"Chalo ab nikalte hain, we're already running late","hain,",URD
"Chalo ab nikalte hain, we're already running late",we're,ENG
"Chalo ab nikalte hain, we're already running late",already,ENG
"Chalo ab nikalte hain, we're already running late",running,ENG
"Chalo ab nikalte hain, we're already running late",late,ENG
Uska attitude bilkul change ho gaya since he got that job,Uska,URD
Uska attitude bilkul change ho gaya since he got that job,attitude,ENG
Uska attitude bilkul change ho gaya since he got that job,bilkul,URD
Uska attitude bilkul change ho gaya since he got that job,change,ENG
Uska attitude bilkul change ho gaya since he got that job,ho,URD
Uska attitude bilkul change ho gaya since he got that job,gaya,URD
Uska attitude bilkul change ho gaya since he got that job,since,ENG
Uska attitude bilkul change ho gaya since he got that job,he,ENG
Uska attitude bilkul change ho gaya since he got that job,got,ENG
Uska attitude bilkul change ho gaya since he got that job,that,ENG
Uska attitude bilkul change ho gaya since he got that job,job,ENG
"Kal se diet start karni hai, seriously this time",Kal,URD
"Kal se diet start karni hai, seriously this time",se,URD
"Kal se diet start karni hai, seriously this time",diet,ENG
"Kal se diet start karni hai, seriously this time",start,ENG
"Kal se diet start karni hai, seriously this time",karni,URD
"Kal se diet start karni hai, seriously this time","hai,",URD
"Kal se diet start karni hai, seriously this time",seriously,ENG
"Kal se diet start karni hai, seriously this time",this,ENG
"Kal se diet start karni hai, seriously this time",time,ENG
That movie was okay but ending bilkul samajh nahi aaya,That,ENG
That movie was okay but ending bilkul samajh nahi aaya,movie,ENG
That movie was okay but ending bilkul samajh nahi aaya,was,ENG
That movie was okay but ending bilkul samajh nahi aaya,okay,ENG
That movie was okay but ending bilkul samajh nahi aaya,but,ENG
That movie was okay but ending bilkul samajh nahi aaya,ending,ENG
That movie was okay but ending bilkul samajh nahi aaya,bilkul,URD
That movie was okay but ending bilkul samajh nahi aaya,samajh,URD
That movie was okay but ending bilkul samajh nahi aaya,nahi,URD
That movie was okay but ending bilkul samajh nahi aaya,aaya,URD
"Mummy ne kaha ke ghar jaldi aa jao, dinner is ready",Mummy,URD
"Mummy ne kaha ke ghar jaldi aa jao, dinner is ready",ne,URD
"Mummy ne kaha ke ghar jaldi aa jao, dinner is ready",kaha,URD
"Mummy ne kaha ke ghar jaldi aa jao, dinner is ready",ke,URD
"Mummy ne kaha ke ghar jaldi aa jao, dinner is ready",ghar,URD
"Mummy ne kaha ke ghar jaldi aa jao, dinner is ready",jaldi,URD
"Mummy ne kaha ke ghar jaldi aa jao, dinner is ready",aa,URD
"Mummy ne kaha ke ghar jaldi aa jao, dinner is ready","jao,",URD
"Mummy ne kaha ke ghar jaldi aa jao, dinner is ready",dinner,ENG
"Mummy ne kaha ke ghar jaldi aa jao, dinner is ready",is,ENG
"Mummy ne kaha ke ghar jaldi aa jao, dinner is ready",ready,ENG
"I don't know yaar, mujhe kuch decide nahi ho raha",I,ENG
"I don't know yaar, mujhe kuch decide nahi ho raha",don't,ENG
"I don't know yaar, mujhe kuch decide nahi ho raha",know,ENG
"I don't know yaar, mujhe kuch decide nahi ho raha","yaar,",URD
"I don't know yaar, mujhe kuch decide nahi ho raha",mujhe,URD
"I don't know yaar, mujhe kuch decide nahi ho raha",kuch,URD
"I don't know yaar, mujhe kuch decide nahi ho raha",decide,URD
"I don't know yaar, mujhe kuch decide nahi ho raha",nahi,URD
"I don't know yaar, mujhe kuch decide nahi ho raha",ho,URD
"I don't know yaar, mujhe kuch decide nahi ho raha",raha,URD
Weekend pe koi plan hai? I'm so bored right now,Weekend,URD
Weekend pe koi plan hai? I'm so bored right now,pe,URD
Weekend pe koi plan hai? I'm so bored right now,koi,URD
Weekend pe koi plan hai? I'm so bored right now,plan,ENG
Weekend pe koi plan hai? I'm so bored right now,hai?,URD
Weekend pe koi plan hai? I'm so bored right now,I'm,ENG
Weekend pe koi plan hai? I'm so bored right now,so,ENG
Weekend pe koi plan hai? I'm so bored right now,bored,ENG
Weekend pe koi plan hai? I'm so bored right now,right,ENG
Weekend pe koi plan hai? I'm so bored right now,now,ENG
"Ustaad ne assignment ka deadline extend kar diya, thank god",Ustaad,URD
"Ustaad ne assignment ka deadline extend kar diya, thank god",ne,URD
"Ustaad ne assignment ka deadline extend kar diya, thank god",assignment,ENG
"Ustaad ne assignment ka deadline extend kar diya, thank god",ka,URD
"Ustaad ne assignment ka deadline extend kar diya, thank god",deadline,ENG
"Ustaad ne assignment ka deadline extend kar diya, thank god",extend,URD
"Ustaad ne assignment ka deadline extend kar diya, thank god",kar,URD
"Ustaad ne assignment ka deadline extend kar diya, thank god","diya,",URD
"Ustaad ne assignment ka deadline extend kar diya, thank god",thank,ENG
"Ustaad ne assignment ka deadline extend kar diya, thank god",god,ENG
Mujhe lagta hai this internship is actually teaching me a lot,Mujhe,URD
Mujhe lagta hai this internship is actually teaching me a lot,lagta,URD
Mujhe lagta hai this internship is actually teaching me a lot,hai,URD
Mujhe lagta hai this internship is actually teaching me a lot,this,ENG
Mujhe lagta hai this internship is actually teaching me a lot,internship,ENG
Mujhe lagta hai this internship is actually teaching me a lot,is,ENG
Mujhe lagta hai this internship is actually teaching me a lot,actually,ENG
Mujhe lagta hai this internship is actually teaching me a lot,teaching,ENG
Mujhe lagta hai this internship is actually teaching me a lot,me,ENG
Mujhe lagta hai this internship is actually teaching me a lot,a,ENG
Mujhe lagta hai this internship is actually teaching me a lot,lot,ENG
"Kal raat neend hi nahi aayi, kept thinking about the interview",Kal,URD
"Kal raat neend hi nahi aayi, kept thinking about the interview",raat,URD
"Kal raat neend hi nahi aayi, kept thinking about the interview",neend,URD
"Kal raat neend hi nahi aayi, kept thinking about the interview",hi,URD
"Kal raat neend hi nahi aayi, kept thinking about the interview",nahi,URD
"Kal raat neend hi nahi aayi, kept thinking about the interview","aayi,",URD
"Kal raat neend hi nahi aayi, kept thinking about the interview",kept,ENG
"Kal raat neend hi nahi aayi, kept thinking about the interview",thinking,URD
"Kal raat neend hi nahi aayi, kept thinking about the interview",about,ENG
"Kal raat neend hi nahi aayi, kept thinking about the interview",the,ENG
"Kal raat neend hi nahi aayi, kept thinking about the interview",interview,ENG
"Bas thoda sa aur kaam baaki hai, almost done",Bas,URD
"Bas thoda sa aur kaam baaki hai, almost done",thoda,URD
"Bas thoda sa aur kaam baaki hai, almost done",sa,URD
"Bas thoda sa aur kaam baaki hai, almost done",aur,URD
"Bas thoda sa aur kaam baaki hai, almost done",kaam,URD
"Bas thoda sa aur kaam baaki hai, almost done",baaki,URD
"Bas thoda sa aur kaam baaki hai, almost done","hai,",URD
"Bas thoda sa aur kaam baaki hai, almost done",almost,ENG
"Bas thoda sa aur kaam baaki hai, almost done",done,ENG
"She was literally crying, itni emotional ho gayi thi",She,ENG
"She was literally crying, itni emotional ho gayi thi",was,ENG
"She was literally crying, itni emotional ho gayi thi",literally,ENG
"She was literally crying, itni emotional ho gayi thi","crying,",ENG
"She was literally crying, itni emotional ho gayi thi",itni,URD
"She was literally crying, itni emotional ho gayi thi",emotional,ENG
"She was literally crying, itni emotional ho gayi thi",ho,URD
"She was literally crying, itni emotional ho gayi thi",gayi,URD
"She was literally crying, itni emotional ho gayi thi",thi,URD
"Abhi tak reply nahi aaya unka, getting kinda worried now",Abhi,URD
"Abhi tak reply nahi aaya unka, getting kinda worried now",tak,URD
"Abhi tak reply nahi aaya unka, getting kinda worried now",reply,ENG
"Abhi tak reply nahi aaya unka, getting kinda worried now",nahi,URD
"Abhi tak reply nahi aaya unka, getting kinda worried now",aaya,URD
"Abhi tak reply nahi aaya unka, getting kinda worried now","unka,",URD
"Abhi tak reply nahi aaya unka, getting kinda worried now",getting,ENG
"Abhi tak reply nahi aaya unka, getting kinda worried now",kinda,ENG
"Abhi tak reply nahi aaya unka, getting kinda worried now",worried,ENG
"Abhi tak reply nahi aaya unka, getting kinda worried now",now,ENG
"Mujhe pata tha ye hoga, I told you so",Mujhe,URD
"Mujhe pata tha ye hoga, I told you so",pata,URD
"Mujhe pata tha ye hoga, I told you so",tha,URD
"Mujhe pata tha ye hoga, I told you so",ye,URD
"Mujhe pata tha ye hoga, I told you so","hoga,",URD
"Mujhe pata tha ye hoga, I told you so",I,ENG
"Mujhe pata tha ye hoga, I told you so",told,ENG
"Mujhe pata tha ye hoga, I told you so",you,ENG
"Mujhe pata tha ye hoga, I told you so",so,ENG
"Chai pi lo pehle, then we'll talk about the project",Chai,URD
"Chai pi lo pehle, then we'll talk about the project",pi,URD
"Chai pi lo pehle, then we'll talk about the project",lo,URD
"Chai pi lo pehle, then we'll talk about the project","pehle,",URD
"Chai pi lo pehle, then we'll talk about the project",then,ENG
"Chai pi lo pehle, then we'll talk about the project",we'll,ENG
"Chai pi lo pehle, then we'll talk about the project",talk,ENG
"Chai pi lo pehle, then we'll talk about the project",about,ENG
"Chai pi lo pehle, then we'll talk about the project",the,ENG
"Chai pi lo pehle, then we'll talk about the project",project,ENG
"Itna expensive hai ye phone, not worth it honestly",Itna,URD
"Itna expensive hai ye phone, not worth it honestly",expensive,ENG
"Itna expensive hai ye phone, not worth it honestly",hai,URD
"Itna expensive hai ye phone, not worth it honestly",ye,URD
"Itna expensive hai ye phone, not worth it honestly","phone,",ENG
"Itna expensive hai ye phone, not worth it honestly",not,ENG
"Itna expensive hai ye phone, not worth it honestly",worth,ENG
"Itna expensive hai ye phone, not worth it honestly",it,ENG
"Itna expensive hai ye phone, not worth it honestly",honestly,ENG
Kaam se free hoke I'll call you back,Kaam,URD
Kaam se free hoke I'll call you back,se,URD
Kaam se free hoke I'll call you back,free,ENG
Kaam se free hoke I'll call you back,hoke,URD
Kaam se free hoke I'll call you back,I'll,ENG
Kaam se free hoke I'll call you back,call,ENG
Kaam se free hoke I'll call you back,you,ENG
Kaam se free hoke I'll call you back,back,ENG
Sab kuch theek chal raha tha until this happened,Sab,URD
Sab kuch theek chal raha tha until this happened,kuch,URD
Sab kuch theek chal raha tha until this happened,theek,URD
Sab kuch theek chal raha tha until this happened,chal,URD
Sab kuch theek chal raha tha until this happened,raha,URD
Sab kuch theek chal raha tha until this happened,tha,URD
Sab kuch theek chal raha tha until this happened,until,ENG
Sab kuch theek chal raha tha until this happened,this,ENG
Sab kuch theek chal raha tha until this happened,happened,ENG
Mera dil nahi kar raha aaj kuch bhi karne ka,Mera,URD
Mera dil nahi kar raha aaj kuch bhi karne ka,dil,URD
Mera dil nahi kar raha aaj kuch bhi karne ka,nahi,URD
Mera dil nahi kar raha aaj kuch bhi karne ka,kar,URD
Mera dil nahi kar raha aaj kuch bhi karne ka,raha,URD
Mera dil nahi kar raha aaj kuch bhi karne ka,aaj,URD
Mera dil nahi kar raha aaj kuch bhi karne ka,kuch,URD
Mera dil nahi kar raha aaj kuch bhi karne ka,bhi,URD
Mera dil nahi kar raha aaj kuch bhi karne ka,karne,URD
Mera dil nahi kar raha aaj kuch bhi karne ka,ka,URD
"Yaar aaj bohot tired hoon, I just want to sleep",Yaar,URD
"Yaar aaj bohot tired hoon, I just want to sleep",aaj,URD
"Yaar aaj bohot tired hoon, I just want to sleep",bohot,URD
"Yaar aaj bohot tired hoon, I just want to sleep",tired,ENG
"Yaar aaj bohot tired hoon, I just want to sleep","hoon,",URD
"Yaar aaj bohot tired hoon, I just want to sleep",I,ENG
"Yaar aaj bohot tired hoon, I just want to sleep",just,ENG
"Yaar aaj bohot tired hoon, I just want to sleep",want,ENG
"Yaar aaj bohot tired hoon, I just want to sleep",to,ENG
"Yaar aaj bohot tired hoon, I just want to sleep",sleep,URD
Mujhe ye assignment complete karna hai before midnight,Mujhe,URD
Mujhe ye assignment complete karna hai before midnight,ye,URD
Mujhe ye assignment complete karna hai before midnight,assignment,ENG
Mujhe ye assignment complete karna hai before midnight,complete,ENG
Mujhe ye assignment complete karna hai before midnight,karna,URD
Mujhe ye assignment complete karna hai before midnight,hai,URD
Mujhe ye assignment complete karna hai before midnight,before,ENG
Mujhe ye assignment complete karna hai before midnight,midnight,URD
Bhai tumne presentation ready kar li ya abhi bhi working on it ho,Bhai,URD
Bhai tumne presentation ready kar li ya abhi bhi working on it ho,tumne,URD
Bhai tumne presentation ready kar li ya abhi bhi working on it ho,presentation,ENG
Bhai tumne presentation ready kar li ya abhi bhi working on it ho,ready,ENG
Bhai tumne presentation ready kar li ya abhi bhi working on it ho,kar,URD
Bhai tumne presentation ready kar li ya abhi bhi working on it ho,li,URD
Bhai tumne presentation ready kar li ya abhi bhi working on it ho,ya,URD
Bhai tumne presentation ready kar li ya abhi bhi working on it ho,abhi,URD
Bhai tumne presentation ready kar li ya abhi bhi working on it ho,bhi,URD
Bhai tumne presentation ready kar li ya abhi bhi working on it ho,working,ENG
Bhai tumne presentation ready kar li ya abhi bhi working on it ho,on,ENG
Bhai tumne presentation ready kar li ya abhi bhi working on it ho,it,ENG
Bhai tumne presentation ready kar li ya abhi bhi working on it ho,ho,URD
Aaj university mein bohot hectic day tha,Aaj,URD
Aaj university mein bohot hectic day tha,university,ENG
Aaj university mein bohot hectic day tha,mein,URD
Aaj university mein bohot hectic day tha,bohot,URD
Aaj university mein bohot hectic day tha,hectic,URD
Aaj university mein bohot hectic day tha,day,URD
Aaj university mein bohot hectic day tha,tha,URD
"Mera laptop hang ho raha hai, I don't know what's wrong",Mera,URD
"Mera laptop hang ho raha hai, I don't know what's wrong",laptop,ENG
"Mera laptop hang ho raha hai, I don't know what's wrong",hang,URD
"Mera laptop hang ho raha hai, I don't know what's wrong",ho,URD
"Mera laptop hang ho raha hai, I don't know what's wrong",raha,URD
"Mera laptop hang ho raha hai, I don't know what's wrong","hai,",URD
"Mera laptop hang ho raha hai, I don't know what's wrong",I,ENG
"Mera laptop hang ho raha hai, I don't know what's wrong",don't,ENG
"Mera laptop hang ho raha hai, I don't know what's wrong",know,ENG
"Mera laptop hang ho raha hai, I don't know what's wrong",what's,URD
"Mera laptop hang ho raha hai, I don't know what's wrong",wrong,ENG
Kal exam hai aur meri preparation bilkul nahi hui,Kal,URD
Kal exam hai aur meri preparation bilkul nahi hui,exam,ENG
Kal exam hai aur meri preparation bilkul nahi hui,hai,URD
Kal exam hai aur meri preparation bilkul nahi hui,aur,URD
Kal exam hai aur meri preparation bilkul nahi hui,meri,URD
Kal exam hai aur meri preparation bilkul nahi hui,preparation,URD
Kal exam hai aur meri preparation bilkul nahi hui,bilkul,URD
Kal exam hai aur meri preparation bilkul nahi hui,nahi,URD
Kal exam hai aur meri preparation bilkul nahi hui,hui,URD
Mujhe thoda break chahiye because my brain is exhausted,Mujhe,URD
Mujhe thoda break chahiye because my brain is exhausted,thoda,URD
Mujhe thoda break chahiye because my brain is exhausted,break,ENG
Mujhe thoda break chahiye because my brain is exhausted,chahiye,URD
Mujhe thoda break chahiye because my brain is exhausted,because,ENG
Mujhe thoda break chahiye because my brain is exhausted,my,ENG
Mujhe thoda break chahiye because my brain is exhausted,brain,URD
Mujhe thoda break chahiye because my brain is exhausted,is,ENG
Mujhe thoda break chahiye because my brain is exhausted,exhausted,URD
Yaar ye project actually kaafi interesting lag raha hai,Yaar,URD
Yaar ye project actually kaafi interesting lag raha hai,ye,URD
Yaar ye project actually kaafi interesting lag raha hai,project,ENG
Yaar ye project actually kaafi interesting lag raha hai,actually,ENG
Yaar ye project actually kaafi interesting lag raha hai,kaafi,URD
Yaar ye project actually kaafi interesting lag raha hai,interesting,URD
Yaar ye project actually kaafi interesting lag raha hai,lag,URD
Yaar ye project actually kaafi interesting lag raha hai,raha,URD
Yaar ye project actually kaafi interesting lag raha hai,hai,URD
"Main abhi ghar ja rahi hoon, I'll text you later",Main,URD
"Main abhi ghar ja rahi hoon, I'll text you later",abhi,URD
"Main abhi ghar ja rahi hoon, I'll text you later",ghar,URD
"Main abhi ghar ja rahi hoon, I'll text you later",ja,URD
"Main abhi ghar ja rahi hoon, I'll text you later",rahi,URD
"Main abhi ghar ja rahi hoon, I'll text you later","hoon,",URD
"Main abhi ghar ja rahi hoon, I'll text you later",I'll,ENG
"Main abhi ghar ja rahi hoon, I'll text you later",text,URD
"Main abhi ghar ja rahi hoon, I'll text you later",you,ENG
"Main abhi ghar ja rahi hoon, I'll text you later",later,ENG
Tum mujhe ye file send kar dena whenever you're free,Tum,URD
Tum mujhe ye file send kar dena whenever you're free,mujhe,URD
Tum mujhe ye file send kar dena whenever you're free,ye,URD
Tum mujhe ye file send kar dena whenever you're free,file,ENG
Tum mujhe ye file send kar dena whenever you're free,send,ENG
Tum mujhe ye file send kar dena whenever you're free,kar,URD
Tum mujhe ye file send kar dena whenever you're free,dena,URD
Tum mujhe ye file send kar dena whenever you're free,whenever,URD
Tum mujhe ye file send kar dena whenever you're free,you're,ENG
Tum mujhe ye file send kar dena whenever you're free,free,ENG
Bhai seriously mujhe samajh nahi aa raha what to do,Bhai,URD
Bhai seriously mujhe samajh nahi aa raha what to do,seriously,ENG
Bhai seriously mujhe samajh nahi aa raha what to do,mujhe,URD
Bhai seriously mujhe samajh nahi aa raha what to do,samajh,URD
Bhai seriously mujhe samajh nahi aa raha what to do,nahi,URD
Bhai seriously mujhe samajh nahi aa raha what to do,aa,URD
Bhai seriously mujhe samajh nahi aa raha what to do,raha,URD
Bhai seriously mujhe samajh nahi aa raha what to do,what,ENG
Bhai seriously mujhe samajh nahi aa raha what to do,to,ENG
Bhai seriously mujhe samajh nahi aa raha what to do,do,ENG
"Aaj weather itna acha hai, let's go somewhere",Aaj,URD
"Aaj weather itna acha hai, let's go somewhere",weather,ENG
"Aaj weather itna acha hai, let's go somewhere",itna,URD
"Aaj weather itna acha hai, let's go somewhere",acha,URD
"Aaj weather itna acha hai, let's go somewhere","hai,",URD
"Aaj weather itna acha hai, let's go somewhere",let's,URD
"Aaj weather itna acha hai, let's go somewhere",go,ENG
"Aaj weather itna acha hai, let's go somewhere",somewhere,ENG
"Mera internet phir se slow ho gaya, this is so annoying",Mera,URD
"Mera internet phir se slow ho gaya, this is so annoying",internet,ENG
"Mera internet phir se slow ho gaya, this is so annoying",phir,URD
"Mera internet phir se slow ho gaya, this is so annoying",se,URD
"Mera internet phir se slow ho gaya, this is so annoying",slow,URD
"Mera internet phir se slow ho gaya, this is so annoying",ho,URD
"Mera internet phir se slow ho gaya, this is so annoying","gaya,",URD
"Mera internet phir se slow ho gaya, this is so annoying",this,ENG
"Mera internet phir se slow ho gaya, this is so annoying",is,ENG
"Mera internet phir se slow ho gaya, this is so annoying",so,ENG
"Mera internet phir se slow ho gaya, this is so annoying",annoying,URD
Kal ka plan confirm hai ya should I make other plans,Kal,URD
Kal ka plan confirm hai ya should I make other plans,ka,URD
Kal ka plan confirm hai ya should I make other plans,plan,ENG
Kal ka plan confirm hai ya should I make other plans,confirm,URD
Kal ka plan confirm hai ya should I make other plans,hai,URD
Kal ka plan confirm hai ya should I make other plans,ya,URD
Kal ka plan confirm hai ya should I make other plans,should,ENG
Kal ka plan confirm hai ya should I make other plans,I,ENG
Kal ka plan confirm hai ya should I make other plans,make,ENG
Kal ka plan confirm hai ya should I make other plans,other,URD
Kal ka plan confirm hai ya should I make other plans,plans,ENG
Mujhe coffee chahiye warna I won't be able to study,Mujhe,URD
Mujhe coffee chahiye warna I won't be able to study,coffee,URD
Mujhe coffee chahiye warna I won't be able to study,chahiye,URD
Mujhe coffee chahiye warna I won't be able to study,warna,URD
Mujhe coffee chahiye warna I won't be able to study,I,ENG
Mujhe coffee chahiye warna I won't be able to study,won't,ENG
Mujhe coffee chahiye warna I won't be able to study,be,ENG
Mujhe coffee chahiye warna I won't be able to study,able,URD
Mujhe coffee chahiye warna I won't be able to study,to,ENG
Mujhe coffee chahiye warna I won't be able to study,study,ENG
Yaar usne message dekha but still didn't reply,Yaar,URD
Yaar usne message dekha but still didn't reply,usne,URD
Yaar usne message dekha but still didn't reply,message,ENG
Yaar usne message dekha but still didn't reply,dekha,URD
Yaar usne message dekha but still didn't reply,but,ENG
Yaar usne message dekha but still didn't reply,still,ENG
Yaar usne message dekha but still didn't reply,didn't,ENG
Yaar usne message dekha but still didn't reply,reply,ENG
"Main ye kaam abhi finish karungi, then I'll take a break",Main,URD
"Main ye kaam abhi finish karungi, then I'll take a break",ye,URD
"Main ye kaam abhi finish karungi, then I'll take a break",kaam,URD
"Main ye kaam abhi finish karungi, then I'll take a break",abhi,URD
"Main ye kaam abhi finish karungi, then I'll take a break",finish,ENG
"Main ye kaam abhi finish karungi, then I'll take a break","karungi,",URD
"Main ye kaam abhi finish karungi, then I'll take a break",then,ENG
"Main ye kaam abhi finish karungi, then I'll take a break",I'll,ENG
"Main ye kaam abhi finish karungi, then I'll take a break",take,ENG
"Main ye kaam abhi finish karungi, then I'll take a break",a,ENG
"Main ye kaam abhi finish karungi, then I'll take a break",break,ENG
Bhai tumhara idea actually makes a lot of sense,Bhai,URD
Bhai tumhara idea actually makes a lot of sense,tumhara,URD
Bhai tumhara idea actually makes a lot of sense,idea,ENG
Bhai tumhara idea actually makes a lot of sense,actually,ENG
Bhai tumhara idea actually makes a lot of sense,makes,URD
Bhai tumhara idea actually makes a lot of sense,a,ENG
Bhai tumhara idea actually makes a lot of sense,lot,ENG
Bhai tumhara idea actually makes a lot of sense,of,ENG
Bhai tumhara idea actually makes a lot of sense,sense,URD
Mujhe lagta hai we should start working on it today,Mujhe,URD
Mujhe lagta hai we should start working on it today,lagta,URD
Mujhe lagta hai we should start working on it today,hai,URD
Mujhe lagta hai we should start working on it today,we,ENG
Mujhe lagta hai we should start working on it today,should,ENG
Mujhe lagta hai we should start working on it today,start,ENG
Mujhe lagta hai we should start working on it today,working,ENG
Mujhe lagta hai we should start working on it today,on,ENG
Mujhe lagta hai we should start working on it today,it,ENG
Mujhe lagta hai we should start working on it today,today,URD
Yaar mujhe lagta hai aaj ka task complete ho jayega if I stay focused,Yaar,URD
Yaar mujhe lagta hai aaj ka task complete ho jayega if I stay focused,mujhe,URD
Yaar mujhe lagta hai aaj ka task complete ho jayega if I stay focused,lagta,URD
Yaar mujhe lagta hai aaj ka task complete ho jayega if I stay focused,hai,URD
Yaar mujhe lagta hai aaj ka task complete ho jayega if I stay focused,aaj,URD
Yaar mujhe lagta hai aaj ka task complete ho jayega if I stay focused,ka,URD
Yaar mujhe lagta hai aaj ka task complete ho jayega if I stay focused,task,ENG
Yaar mujhe lagta hai aaj ka task complete ho jayega if I stay focused,complete,ENG
Yaar mujhe lagta hai aaj ka task complete ho jayega if I stay focused,ho,URD
Yaar mujhe lagta hai aaj ka task complete ho jayega if I stay focused,jayega,URD
Yaar mujhe lagta hai aaj ka task complete ho jayega if I stay focused,if,ENG
Yaar mujhe lagta hai aaj ka task complete ho jayega if I stay focused,I,ENG
Yaar mujhe lagta hai aaj ka task complete ho jayega if I stay focused,stay,ENG
Yaar mujhe lagta hai aaj ka task complete ho jayega if I stay focused,focused,ENG
Bhai tumne assignment ka final version check kiya ya nahi,Bhai,URD
Bhai tumne assignment ka final version check kiya ya nahi,tumne,URD
Bhai tumne assignment ka final version check kiya ya nahi,assignment,ENG
Bhai tumne assignment ka final version check kiya ya nahi,ka,URD
Bhai tumne assignment ka final version check kiya ya nahi,final,ENG
Bhai tumne assignment ka final version check kiya ya nahi,version,ENG
Bhai tumne assignment ka final version check kiya ya nahi,check,ENG
Bhai tumne assignment ka final version check kiya ya nahi,kiya,URD
Bhai tumne assignment ka final version check kiya ya nahi,ya,URD
Bhai tumne assignment ka final version check kiya ya nahi,nahi,URD
"Main abhi thori busy hoon, I'll message you when I'm done",Main,URD
"Main abhi thori busy hoon, I'll message you when I'm done",abhi,URD
"Main abhi thori busy hoon, I'll message you when I'm done",thori,URD
"Main abhi thori busy hoon, I'll message you when I'm done",busy,ENG
"Main abhi thori busy hoon, I'll message you when I'm done","hoon,",URD
"Main abhi thori busy hoon, I'll message you when I'm done",I'll,ENG
"Main abhi thori busy hoon, I'll message you when I'm done",message,ENG
"Main abhi thori busy hoon, I'll message you when I'm done",you,ENG
"Main abhi thori busy hoon, I'll message you when I'm done",when,ENG
"Main abhi thori busy hoon, I'll message you when I'm done",I'm,ENG
"Main abhi thori busy hoon, I'll message you when I'm done",done,ENG
Mujhe ye website ka interface kaafi clean lag raha hai,Mujhe,URD
Mujhe ye website ka interface kaafi clean lag raha hai,ye,URD
Mujhe ye website ka interface kaafi clean lag raha hai,website,ENG
Mujhe ye website ka interface kaafi clean lag raha hai,ka,URD
Mujhe ye website ka interface kaafi clean lag raha hai,interface,ENG
Mujhe ye website ka interface kaafi clean lag raha hai,kaafi,URD
Mujhe ye website ka interface kaafi clean lag raha hai,clean,ENG
Mujhe ye website ka interface kaafi clean lag raha hai,lag,URD
Mujhe ye website ka interface kaafi clean lag raha hai,raha,URD
Mujhe ye website ka interface kaafi clean lag raha hai,hai,URD
"Yaar kal ka lecture miss mat karna, it's actually important",Yaar,URD
"Yaar kal ka lecture miss mat karna, it's actually important",kal,URD
"Yaar kal ka lecture miss mat karna, it's actually important",ka,URD
"Yaar kal ka lecture miss mat karna, it's actually important",lecture,ENG
"Yaar kal ka lecture miss mat karna, it's actually important",miss,URD
"Yaar kal ka lecture miss mat karna, it's actually important",mat,URD
"Yaar kal ka lecture miss mat karna, it's actually important","karna,",URD
"Yaar kal ka lecture miss mat karna, it's actually important",it's,ENG
"Yaar kal ka lecture miss mat karna, it's actually important",actually,ENG
"Yaar kal ka lecture miss mat karna, it's actually important",important,ENG
"Bhai meri presentation almost ready hai, bas thori editing baaki hai",Bhai,URD
"Bhai meri presentation almost ready hai, bas thori editing baaki hai",meri,URD
"Bhai meri presentation almost ready hai, bas thori editing baaki hai",presentation,ENG
"Bhai meri presentation almost ready hai, bas thori editing baaki hai",almost,ENG
"Bhai meri presentation almost ready hai, bas thori editing baaki hai",ready,ENG
"Bhai meri presentation almost ready hai, bas thori editing baaki hai","hai,",URD
"Bhai meri presentation almost ready hai, bas thori editing baaki hai",bas,URD
"Bhai meri presentation almost ready hai, bas thori editing baaki hai",thori,URD
"Bhai meri presentation almost ready hai, bas thori editing baaki hai",editing,ENG
"Bhai meri presentation almost ready hai, bas thori editing baaki hai",baaki,URD
"Bhai meri presentation almost ready hai, bas thori editing baaki hai",hai,URD
Main pehle ye work finish karungi then I'll watch something,Main,URD
Main pehle ye work finish karungi then I'll watch something,pehle,URD
Main pehle ye work finish karungi then I'll watch something,ye,URD
Main pehle ye work finish karungi then I'll watch something,work,ENG
Main pehle ye work finish karungi then I'll watch something,finish,ENG
Main pehle ye work finish karungi then I'll watch something,karungi,URD
Main pehle ye work finish karungi then I'll watch something,then,ENG
Main pehle ye work finish karungi then I'll watch something,I'll,ENG
Main pehle ye work finish karungi then I'll watch something,watch,ENG
Main pehle ye work finish karungi then I'll watch something,something,ENG
Mujhe samajh aa gaya what you were trying to explain,Mujhe,URD
Mujhe samajh aa gaya what you were trying to explain,samajh,URD
Mujhe samajh aa gaya what you were trying to explain,aa,URD
Mujhe samajh aa gaya what you were trying to explain,gaya,URD
Mujhe samajh aa gaya what you were trying to explain,what,ENG
Mujhe samajh aa gaya what you were trying to explain,you,ENG
Mujhe samajh aa gaya what you were trying to explain,were,ENG
Mujhe samajh aa gaya what you were trying to explain,trying,ENG
Mujhe samajh aa gaya what you were trying to explain,to,ENG
Mujhe samajh aa gaya what you were trying to explain,explain,URD
Yaar aaj university se wapas aate hue bohot traffic tha,Yaar,URD
Yaar aaj university se wapas aate hue bohot traffic tha,aaj,URD
Yaar aaj university se wapas aate hue bohot traffic tha,university,ENG
Yaar aaj university se wapas aate hue bohot traffic tha,se,URD
Yaar aaj university se wapas aate hue bohot traffic tha,wapas,URD
Yaar aaj university se wapas aate hue bohot traffic tha,aate,URD
Yaar aaj university se wapas aate hue bohot traffic tha,hue,URD
Yaar aaj university se wapas aate hue bohot traffic tha,bohot,URD
Yaar aaj university se wapas aate hue bohot traffic tha,traffic,ENG
Yaar aaj university se wapas aate hue bohot traffic tha,tha,URD
Bhai ye deadline extend ho jaye to it would be much easierAaj mera mood nahi hai for unnecessary drama,Bhai,URD
Bhai ye deadline extend ho jaye to it would be much easierAaj mera mood nahi hai for unnecessary drama,ye,URD
Bhai ye deadline extend ho jaye to it would be much easierAaj mera mood nahi hai for unnecessary drama,deadline,ENG
Bhai ye deadline extend ho jaye to it would be much easierAaj mera mood nahi hai for unnecessary drama,extend,URD
Bhai ye deadline extend ho jaye to it would be much easierAaj mera mood nahi hai for unnecessary drama,ho,URD
Bhai ye deadline extend ho jaye to it would be much easierAaj mera mood nahi hai for unnecessary drama,jaye,URD
Bhai ye deadline extend ho jaye to it would be much easierAaj mera mood nahi hai for unnecessary drama,to,ENG
Bhai ye deadline extend ho jaye to it would be much easierAaj mera mood nahi hai for unnecessary drama,it,ENG
Bhai ye deadline extend ho jaye to it would be much easierAaj mera mood nahi hai for unnecessary drama,would,ENG
Bhai ye deadline extend ho jaye to it would be much easierAaj mera mood nahi hai for unnecessary drama,be,ENG
Bhai ye deadline extend ho jaye to it would be much easierAaj mera mood nahi hai for unnecessary drama,much,ENG
Bhai ye deadline extend ho jaye to it would be much easierAaj mera mood nahi hai for unnecessary drama,easierAaj,URD
Bhai ye deadline extend ho jaye to it would be much easierAaj mera mood nahi hai for unnecessary drama,mera,URD
Bhai ye deadline extend ho jaye to it would be much easierAaj mera mood nahi hai for unnecessary drama,mood,URD
Bhai ye deadline extend ho jaye to it would be much easierAaj mera mood nahi hai for unnecessary drama,nahi,URD
Bhai ye deadline extend ho jaye to it would be much easierAaj mera mood nahi hai for unnecessary drama,hai,URD
Bhai ye deadline extend ho jaye to it would be much easierAaj mera mood nahi hai for unnecessary drama,for,ENG
Bhai ye deadline extend ho jaye to it would be much easierAaj mera mood nahi hai for unnecessary drama,unnecessary,URD
Bhai ye deadline extend ho jaye to it would be much easierAaj mera mood nahi hai for unnecessary drama,drama,URD
"Tum pehle khana kha lo, then we can discuss the project",Tum,URD
"Tum pehle khana kha lo, then we can discuss the project",pehle,URD
"Tum pehle khana kha lo, then we can discuss the project",khana,URD
"Tum pehle khana kha lo, then we can discuss the project",kha,URD
"Tum pehle khana kha lo, then we can discuss the project","lo,",URD
"Tum pehle khana kha lo, then we can discuss the project",then,ENG
"Tum pehle khana kha lo, then we can discuss the project",we,ENG
"Tum pehle khana kha lo, then we can discuss the project",can,ENG
"Tum pehle khana kha lo, then we can discuss the project",discuss,URD
"Tum pehle khana kha lo, then we can discuss the project",the,ENG
"Tum pehle khana kha lo, then we can discuss the project",project,ENG
"Yaar meri battery almost dead hai, charger hai tumhare paas",Yaar,URD
"Yaar meri battery almost dead hai, charger hai tumhare paas",meri,URD
"Yaar meri battery almost dead hai, charger hai tumhare paas",battery,URD
"Yaar meri battery almost dead hai, charger hai tumhare paas",almost,ENG
"Yaar meri battery almost dead hai, charger hai tumhare paas",dead,URD
"Yaar meri battery almost dead hai, charger hai tumhare paas","hai,",URD
"Yaar meri battery almost dead hai, charger hai tumhare paas",charger,URD
"Yaar meri battery almost dead hai, charger hai tumhare paas",hai,URD
"Yaar meri battery almost dead hai, charger hai tumhare paas",tumhare,URD
"Yaar meri battery almost dead hai, charger hai tumhare paas",paas,URD
Maine usko call kiya but she didn't pick up,Maine,URD
Maine usko call kiya but she didn't pick up,usko,URD
Maine usko call kiya but she didn't pick up,call,ENG
Maine usko call kiya but she didn't pick up,kiya,URD
Maine usko call kiya but she didn't pick up,but,ENG
Maine usko call kiya but she didn't pick up,she,ENG
Maine usko call kiya but she didn't pick up,didn't,ENG
Maine usko call kiya but she didn't pick up,pick,URD
Maine usko call kiya but she didn't pick up,up,URD
"Bhai ye lecture bohot boring tha, I almost fell asleep",Bhai,URD
"Bhai ye lecture bohot boring tha, I almost fell asleep",ye,URD
"Bhai ye lecture bohot boring tha, I almost fell asleep",lecture,ENG
"Bhai ye lecture bohot boring tha, I almost fell asleep",bohot,URD
"Bhai ye lecture bohot boring tha, I almost fell asleep",boring,ENG
"Bhai ye lecture bohot boring tha, I almost fell asleep","tha,",URD
"Bhai ye lecture bohot boring tha, I almost fell asleep",I,ENG
"Bhai ye lecture bohot boring tha, I almost fell asleep",almost,ENG
"Bhai ye lecture bohot boring tha, I almost fell asleep",fell,URD
"Bhai ye lecture bohot boring tha, I almost fell asleep",asleep,URD
Mujhe kal subah jaldi uthna hai for university,Mujhe,URD
Mujhe kal subah jaldi uthna hai for university,kal,URD
Mujhe kal subah jaldi uthna hai for university,subah,URD
Mujhe kal subah jaldi uthna hai for university,jaldi,URD
Mujhe kal subah jaldi uthna hai for university,uthna,URD
Mujhe kal subah jaldi uthna hai for university,hai,URD
Mujhe kal subah jaldi uthna hai for university,for,ENG
Mujhe kal subah jaldi uthna hai for university,university,ENG
"Aaj ka sara kaam complete ho gaya, finally I can relax",Aaj,URD
"Aaj ka sara kaam complete ho gaya, finally I can relax",ka,URD
"Aaj ka sara kaam complete ho gaya, finally I can relax",sara,URD
"Aaj ka sara kaam complete ho gaya, finally I can relax",kaam,URD
"Aaj ka sara kaam complete ho gaya, finally I can relax",complete,ENG
"Aaj ka sara kaam complete ho gaya, finally I can relax",ho,URD
"Aaj ka sara kaam complete ho gaya, finally I can relax","gaya,",URD
"Aaj ka sara kaam complete ho gaya, finally I can relax",finally,URD
"Aaj ka sara kaam complete ho gaya, finally I can relax",I,ENG
"Aaj ka sara kaam complete ho gaya, finally I can relax",can,ENG
"Aaj ka sara kaam complete ho gaya, finally I can relax",relax,URD
Yaar mujhe ye topic bilkul samajh nahi aa raha,Yaar,URD
Yaar mujhe ye topic bilkul samajh nahi aa raha,mujhe,URD
Yaar mujhe ye topic bilkul samajh nahi aa raha,ye,URD
Yaar mujhe ye topic bilkul samajh nahi aa raha,topic,URD
Yaar mujhe ye topic bilkul samajh nahi aa raha,bilkul,URD
Yaar mujhe ye topic bilkul samajh nahi aa raha,samajh,URD
Yaar mujhe ye topic bilkul samajh nahi aa raha,nahi,URD
Yaar mujhe ye topic bilkul samajh nahi aa raha,aa,URD
Yaar mujhe ye topic bilkul samajh nahi aa raha,raha,URD
"Tum notes share kar dena, I'll study them tonight",Tum,URD
"Tum notes share kar dena, I'll study them tonight",notes,URD
"Tum notes share kar dena, I'll study them tonight",share,URD
"Tum notes share kar dena, I'll study them tonight",kar,URD
"Tum notes share kar dena, I'll study them tonight","dena,",URD
"Tum notes share kar dena, I'll study them tonight",I'll,ENG
"Tum notes share kar dena, I'll study them tonight",study,ENG
"Tum notes share kar dena, I'll study them tonight",them,URD
"Tum notes share kar dena, I'll study them tonight",tonight,URD
"Mera assignment submit ho gaya, thank God",Mera,URD
"Mera assignment submit ho gaya, thank God",assignment,ENG
"Mera assignment submit ho gaya, thank God",submit,URD
"Mera assignment submit ho gaya, thank God",ho,URD
"Mera assignment submit ho gaya, thank God","gaya,",URD
"Mera assignment submit ho gaya, thank God",thank,ENG
"Mera assignment submit ho gaya, thank God",God,ENG
"Bhai abhi busy hoon, I'll call you after dinner",Bhai,URD
"Bhai abhi busy hoon, I'll call you after dinner",abhi,URD
"Bhai abhi busy hoon, I'll call you after dinner",busy,ENG
"Bhai abhi busy hoon, I'll call you after dinner","hoon,",URD
"Bhai abhi busy hoon, I'll call you after dinner",I'll,ENG
"Bhai abhi busy hoon, I'll call you after dinner",call,ENG
"Bhai abhi busy hoon, I'll call you after dinner",you,ENG
"Bhai abhi busy hoon, I'll call you after dinner",after,ENG
"Bhai abhi busy hoon, I'll call you after dinner",dinner,ENG
Mujhe nahi lagta this plan is going to work,Mujhe,URD
Mujhe nahi lagta this plan is going to work,nahi,URD
Mujhe nahi lagta this plan is going to work,lagta,URD
Mujhe nahi lagta this plan is going to work,this,ENG
Mujhe nahi lagta this plan is going to work,plan,ENG
Mujhe nahi lagta this plan is going to work,is,ENG
Mujhe nahi lagta this plan is going to work,going,ENG
Mujhe nahi lagta this plan is going to work,to,ENG
Mujhe nahi lagta this plan is going to work,work,ENG
"Yaar kal bohot important meeting hai, I'm kinda nervous",Yaar,URD
"Yaar kal bohot important meeting hai, I'm kinda nervous",kal,URD
"Yaar kal bohot important meeting hai, I'm kinda nervous",bohot,URD
"Yaar kal bohot important meeting hai, I'm kinda nervous",important,ENG
"Yaar kal bohot important meeting hai, I'm kinda nervous",meeting,ENG
"Yaar kal bohot important meeting hai, I'm kinda nervous","hai,",URD
"Yaar kal bohot important meeting hai, I'm kinda nervous",I'm,ENG
"Yaar kal bohot important meeting hai, I'm kinda nervous",kinda,ENG
"Yaar kal bohot important meeting hai, I'm kinda nervous",nervous,URD
"Main thodi der mein aa jaungi, just wait for me",Main,URD
"Main thodi der mein aa jaungi, just wait for me",thodi,URD
"Main thodi der mein aa jaungi, just wait for me",der,URD
"Main thodi der mein aa jaungi, just wait for me",mein,URD
"Main thodi der mein aa jaungi, just wait for me",aa,URD
"Main thodi der mein aa jaungi, just wait for me","jaungi,",URD
"Main thodi der mein aa jaungi, just wait for me",just,ENG
"Main thodi der mein aa jaungi, just wait for me",wait,ENG
"Main thodi der mein aa jaungi, just wait for me",for,ENG
"Main thodi der mein aa jaungi, just wait for me",me,ENG
Usne kaha tha ke he'll help me with the project,Usne,URD
Usne kaha tha ke he'll help me with the project,kaha,URD
Usne kaha tha ke he'll help me with the project,tha,URD
Usne kaha tha ke he'll help me with the project,ke,URD
Usne kaha tha ke he'll help me with the project,he'll,URD
Usne kaha tha ke he'll help me with the project,help,ENG
Usne kaha tha ke he'll help me with the project,me,ENG
Usne kaha tha ke he'll help me with the project,with,ENG
Usne kaha tha ke he'll help me with the project,the,ENG
Usne kaha tha ke he'll help me with the project,project,ENG
Bhai ye movie actually kaafi good thi,Bhai,URD
Bhai ye movie actually kaafi good thi,ye,URD
Bhai ye movie actually kaafi good thi,movie,ENG
Bhai ye movie actually kaafi good thi,actually,ENG
Bhai ye movie actually kaafi good thi,kaafi,URD
Bhai ye movie actually kaafi good thi,good,ENG
Bhai ye movie actually kaafi good thi,thi,URD
Mujhe ghar pohanch ke tumhe update karna hai,Mujhe,URD
Mujhe ghar pohanch ke tumhe update karna hai,ghar,URD
Mujhe ghar pohanch ke tumhe update karna hai,pohanch,URD
Mujhe ghar pohanch ke tumhe update karna hai,ke,URD
Mujhe ghar pohanch ke tumhe update karna hai,tumhe,URD
Mujhe ghar pohanch ke tumhe update karna hai,update,URD
Mujhe ghar pohanch ke tumhe update karna hai,karna,URD
Mujhe ghar pohanch ke tumhe update karna hai,hai,URD
Aaj itna kaam tha ke I didn't even get time for lunch,Aaj,URD
Aaj itna kaam tha ke I didn't even get time for lunch,itna,URD
Aaj itna kaam tha ke I didn't even get time for lunch,kaam,URD
Aaj itna kaam tha ke I didn't even get time for lunch,tha,URD
Aaj itna kaam tha ke I didn't even get time for lunch,ke,URD
Aaj itna kaam tha ke I didn't even get time for lunch,I,ENG
Aaj itna kaam tha ke I didn't even get time for lunch,didn't,ENG
Aaj itna kaam tha ke I didn't even get time for lunch,even,URD
Aaj itna kaam tha ke I didn't even get time for lunch,get,ENG
Aaj itna kaam tha ke I didn't even get time for lunch,time,ENG
Aaj itna kaam tha ke I didn't even get time for lunch,for,ENG
Aaj itna kaam tha ke I didn't even get time for lunch,lunch,ENG
Yaar please mujhe ye concept explain kar do,Yaar,URD
Yaar please mujhe ye concept explain kar do,please,URD
Yaar please mujhe ye concept explain kar do,mujhe,URD
Yaar please mujhe ye concept explain kar do,ye,URD
Yaar please mujhe ye concept explain kar do,concept,URD
Yaar please mujhe ye concept explain kar do,explain,URD
Yaar please mujhe ye concept explain kar do,kar,URD
Yaar please mujhe ye concept explain kar do,do,ENG
"Main abhi library mein hoon, can't talk loudly",Main,URD
"Main abhi library mein hoon, can't talk loudly",abhi,URD
"Main abhi library mein hoon, can't talk loudly",library,URD
"Main abhi library mein hoon, can't talk loudly",mein,URD
"Main abhi library mein hoon, can't talk loudly","hoon,",URD
"Main abhi library mein hoon, can't talk loudly",can't,ENG
"Main abhi library mein hoon, can't talk loudly",talk,ENG
"Main abhi library mein hoon, can't talk loudly",loudly,URD
Bhai tumne registration complete kar li for the course,Bhai,URD
Bhai tumne registration complete kar li for the course,tumne,URD
Bhai tumne registration complete kar li for the course,registration,URD
Bhai tumne registration complete kar li for the course,complete,ENG
Bhai tumne registration complete kar li for the course,kar,URD
Bhai tumne registration complete kar li for the course,li,URD
Bhai tumne registration complete kar li for the course,for,ENG
Bhai tumne registration complete kar li for the course,the,ENG
Bhai tumne registration complete kar li for the course,course,ENG
Mujhe lag raha hai mera laptop needs an update,Mujhe,URD
Mujhe lag raha hai mera laptop needs an update,lag,URD
Mujhe lag raha hai mera laptop needs an update,raha,URD
Mujhe lag raha hai mera laptop needs an update,hai,URD
Mujhe lag raha hai mera laptop needs an update,mera,URD
Mujhe lag raha hai mera laptop needs an update,laptop,ENG
Mujhe lag raha hai mera laptop needs an update,needs,URD
Mujhe lag raha hai mera laptop needs an update,an,ENG
Mujhe lag raha hai mera laptop needs an update,update,URD
"Kal se properly parhai start karungi, no excuses",Kal,URD
"Kal se properly parhai start karungi, no excuses",se,URD
"Kal se properly parhai start karungi, no excuses",properly,URD
"Kal se properly parhai start karungi, no excuses",parhai,URD
"Kal se properly parhai start karungi, no excuses",start,ENG
"Kal se properly parhai start karungi, no excuses","karungi,",URD
"Kal se properly parhai start karungi, no excuses",no,URD
"Kal se properly parhai start karungi, no excuses",excuses,URD
Yaar mujhe shopping ke liye jana hai but I'm too lazy,Yaar,URD
Yaar mujhe shopping ke liye jana hai but I'm too lazy,mujhe,URD
Yaar mujhe shopping ke liye jana hai but I'm too lazy,shopping,ENG
Yaar mujhe shopping ke liye jana hai but I'm too lazy,ke,URD
Yaar mujhe shopping ke liye jana hai but I'm too lazy,liye,URD
Yaar mujhe shopping ke liye jana hai but I'm too lazy,jana,URD
Yaar mujhe shopping ke liye jana hai but I'm too lazy,hai,URD
Yaar mujhe shopping ke liye jana hai but I'm too lazy,but,ENG
Yaar mujhe shopping ke liye jana hai but I'm too lazy,I'm,ENG
Yaar mujhe shopping ke liye jana hai but I'm too lazy,too,URD
Yaar mujhe shopping ke liye jana hai but I'm too lazy,lazy,URD
"Tum log enjoy karo, I'll join you later",Tum,URD
"Tum log enjoy karo, I'll join you later",log,URD
"Tum log enjoy karo, I'll join you later",enjoy,URD
"Tum log enjoy karo, I'll join you later","karo,",URD
"Tum log enjoy karo, I'll join you later",I'll,ENG
"Tum log enjoy karo, I'll join you later",join,URD
"Tum log enjoy karo, I'll join you later",you,ENG
"Tum log enjoy karo, I'll join you later",later,ENG
"Bhai ye problem ka solution mil gaya, finally",Bhai,URD
"Bhai ye problem ka solution mil gaya, finally",ye,URD
"Bhai ye problem ka solution mil gaya, finally",problem,ENG
"Bhai ye problem ka solution mil gaya, finally",ka,URD
"Bhai ye problem ka solution mil gaya, finally",solution,ENG
"Bhai ye problem ka solution mil gaya, finally",mil,URD
"Bhai ye problem ka solution mil gaya, finally","gaya,",URD
"Bhai ye problem ka solution mil gaya, finally",finally,URD
Maine socha tha easy hoga but it turned out to be difficult,Maine,URD
Maine socha tha easy hoga but it turned out to be difficult,socha,URD
Maine socha tha easy hoga but it turned out to be difficult,tha,URD
Maine socha tha easy hoga but it turned out to be difficult,easy,ENG
Maine socha tha easy hoga but it turned out to be difficult,hoga,URD
Maine socha tha easy hoga but it turned out to be difficult,but,ENG
Maine socha tha easy hoga but it turned out to be difficult,it,ENG
Maine socha tha easy hoga but it turned out to be difficult,turned,URD
Maine socha tha easy hoga but it turned out to be difficult,out,URD
Maine socha tha easy hoga but it turned out to be difficult,to,ENG
Maine socha tha easy hoga but it turned out to be difficult,be,ENG
Maine socha tha easy hoga but it turned out to be difficult,difficult,ENG
Aaj class mein teacher ne new topic explain kiya,Aaj,URD
Aaj class mein teacher ne new topic explain kiya,class,ENG
Aaj class mein teacher ne new topic explain kiya,mein,URD
Aaj class mein teacher ne new topic explain kiya,teacher,URD
Aaj class mein teacher ne new topic explain kiya,ne,URD
Aaj class mein teacher ne new topic explain kiya,new,URD
Aaj class mein teacher ne new topic explain kiya,topic,URD
Aaj class mein teacher ne new topic explain kiya,explain,URD
Aaj class mein teacher ne new topic explain kiya,kiya,URD
"Yaar mujhe abhi thoda rest chahiye, I'm exhausted",Yaar,URD
"Yaar mujhe abhi thoda rest chahiye, I'm exhausted",mujhe,URD
"Yaar mujhe abhi thoda rest chahiye, I'm exhausted",abhi,URD
"Yaar mujhe abhi thoda rest chahiye, I'm exhausted",thoda,URD
"Yaar mujhe abhi thoda rest chahiye, I'm exhausted",rest,URD
"Yaar mujhe abhi thoda rest chahiye, I'm exhausted","chahiye,",URD
"Yaar mujhe abhi thoda rest chahiye, I'm exhausted",I'm,ENG
"Yaar mujhe abhi thoda rest chahiye, I'm exhausted",exhausted,URD
Main dinner ke baad assignment karungi,Main,URD
Main dinner ke baad assignment karungi,dinner,ENG
Main dinner ke baad assignment karungi,ke,URD
Main dinner ke baad assignment karungi,baad,URD
Main dinner ke baad assignment karungi,assignment,ENG
Main dinner ke baad assignment karungi,karungi,URD
Bhai tumhara internet chal raha hai ya mine is the only one down,Bhai,URD
Bhai tumhara internet chal raha hai ya mine is the only one down,tumhara,URD
Bhai tumhara internet chal raha hai ya mine is the only one down,internet,ENG
Bhai tumhara internet chal raha hai ya mine is the only one down,chal,URD
Bhai tumhara internet chal raha hai ya mine is the only one down,raha,URD
Bhai tumhara internet chal raha hai ya mine is the only one down,hai,URD
Bhai tumhara internet chal raha hai ya mine is the only one down,ya,URD
Bhai tumhara internet chal raha hai ya mine is the only one down,mine,URD
Bhai tumhara internet chal raha hai ya mine is the only one down,is,ENG
Bhai tumhara internet chal raha hai ya mine is the only one down,the,ENG
Bhai tumhara internet chal raha hai ya mine is the only one down,only,ENG
Bhai tumhara internet chal raha hai ya mine is the only one down,one,URD
Bhai tumhara internet chal raha hai ya mine is the only one down,down,URD
"Mujhe ye app use karna nahi aa raha, can you help me",Mujhe,URD
"Mujhe ye app use karna nahi aa raha, can you help me",ye,URD
"Mujhe ye app use karna nahi aa raha, can you help me",app,ENG
"Mujhe ye app use karna nahi aa raha, can you help me",use,ENG
"Mujhe ye app use karna nahi aa raha, can you help me",karna,URD
"Mujhe ye app use karna nahi aa raha, can you help me",nahi,URD
"Mujhe ye app use karna nahi aa raha, can you help me",aa,URD
"Mujhe ye app use karna nahi aa raha, can you help me","raha,",URD
"Mujhe ye app use karna nahi aa raha, can you help me",can,ENG
"Mujhe ye app use karna nahi aa raha, can you help me",you,ENG
"Mujhe ye app use karna nahi aa raha, can you help me",help,ENG
"Mujhe ye app use karna nahi aa raha, can you help me",me,ENG
Yaar aaj ka din surprisingly acha gaya,Yaar,URD
Yaar aaj ka din surprisingly acha gaya,aaj,URD
Yaar aaj ka din surprisingly acha gaya,ka,URD
Yaar aaj ka din surprisingly acha gaya,din,URD
Yaar aaj ka din surprisingly acha gaya,surprisingly,URD
Yaar aaj ka din surprisingly acha gaya,acha,URD
Yaar aaj ka din surprisingly acha gaya,gaya,URD
"Kal hum project discuss karenge, let's see what happens",Kal,URD
"Kal hum project discuss karenge, let's see what happens",hum,URD
"Kal hum project discuss karenge, let's see what happens",project,ENG
"Kal hum project discuss karenge, let's see what happens",discuss,URD
"Kal hum project discuss karenge, let's see what happens","karenge,",URD
"Kal hum project discuss karenge, let's see what happens",let's,URD
"Kal hum project discuss karenge, let's see what happens",see,URD
"Kal hum project discuss karenge, let's see what happens",what,ENG
"Kal hum project discuss karenge, let's see what happens",happens,URD
Maine usko already bata diya tha but he forgot,Maine,URD
Maine usko already bata diya tha but he forgot,usko,URD
Maine usko already bata diya tha but he forgot,already,ENG
Maine usko already bata diya tha but he forgot,bata,URD
Maine usko already bata diya tha but he forgot,diya,URD
Maine usko already bata diya tha but he forgot,tha,URD
Maine usko already bata diya tha but he forgot,but,ENG
Maine usko already bata diya tha but he forgot,he,ENG
Maine usko already bata diya tha but he forgot,forgot,URD
"Bhai meri file save nahi hui, I'm so annoyed",Bhai,URD
"Bhai meri file save nahi hui, I'm so annoyed",meri,URD
"Bhai meri file save nahi hui, I'm so annoyed",file,ENG
"Bhai meri file save nahi hui, I'm so annoyed",save,URD
"Bhai meri file save nahi hui, I'm so annoyed",nahi,URD
"Bhai meri file save nahi hui, I'm so annoyed","hui,",URD
"Bhai meri file save nahi hui, I'm so annoyed",I'm,ENG
"Bhai meri file save nahi hui, I'm so annoyed",so,ENG
"Bhai meri file save nahi hui, I'm so annoyed",annoyed,URD
Mujhe lagta hai ye idea actually work karega,Mujhe,URD
Mujhe lagta hai ye idea actually work karega,lagta,URD
Mujhe lagta hai ye idea actually work karega,hai,URD
Mujhe lagta hai ye idea actually work karega,ye,URD
Mujhe lagta hai ye idea actually work karega,idea,ENG
Mujhe lagta hai ye idea actually work karega,actually,ENG
Mujhe lagta hai ye idea actually work karega,work,ENG
Mujhe lagta hai ye idea actually work karega,karega,URD
Yaar abhi kuch khane ka bohot mood ho raha hai,Yaar,URD
Yaar abhi kuch khane ka bohot mood ho raha hai,abhi,URD
Yaar abhi kuch khane ka bohot mood ho raha hai,kuch,URD
Yaar abhi kuch khane ka bohot mood ho raha hai,khane,URD
Yaar abhi kuch khane ka bohot mood ho raha hai,ka,URD
Yaar abhi kuch khane ka bohot mood ho raha hai,bohot,URD
Yaar abhi kuch khane ka bohot mood ho raha hai,mood,URD
Yaar abhi kuch khane ka bohot mood ho raha hai,ho,URD
Yaar abhi kuch khane ka bohot mood ho raha hai,raha,URD
Yaar abhi kuch khane ka bohot mood ho raha hai,hai,URD
Tum mujhe bata dena when you reach home,Tum,URD
Tum mujhe bata dena when you reach home,mujhe,URD
Tum mujhe bata dena when you reach home,bata,URD
Tum mujhe bata dena when you reach home,dena,URD
Tum mujhe bata dena when you reach home,when,ENG
Tum mujhe bata dena when you reach home,you,ENG
Tum mujhe bata dena when you reach home,reach,URD
Tum mujhe bata dena when you reach home,home,URD
Bhai kal presentation hai and I'm still not ready,Bhai,URD
Bhai kal presentation hai and I'm still not ready,kal,URD
Bhai kal presentation hai and I'm still not ready,presentation,ENG
Bhai kal presentation hai and I'm still not ready,hai,URD
Bhai kal presentation hai and I'm still not ready,and,ENG
Bhai kal presentation hai and I'm still not ready,I'm,ENG
Bhai kal presentation hai and I'm still not ready,still,ENG
Bhai kal presentation hai and I'm still not ready,not,ENG
Bhai kal presentation hai and I'm still not ready,ready,ENG
"Maine sara data collect kar liya, now I just need to organize it",Maine,URD
"Maine sara data collect kar liya, now I just need to organize it",sara,URD
"Maine sara data collect kar liya, now I just need to organize it",data,ENG
"Maine sara data collect kar liya, now I just need to organize it",collect,URD
"Maine sara data collect kar liya, now I just need to organize it",kar,URD
"Maine sara data collect kar liya, now I just need to organize it","liya,",URD
"Maine sara data collect kar liya, now I just need to organize it",now,ENG
"Maine sara data collect kar liya, now I just need to organize it",I,ENG
"Maine sara data collect kar liya, now I just need to organize it",just,ENG
"Maine sara data collect kar liya, now I just need to organize it",need,ENG
"Maine sara data collect kar liya, now I just need to organize it",to,ENG
"Maine sara data collect kar liya, now I just need to organize it",organize,URD
"Maine sara data collect kar liya, now I just need to organize it",it,ENG
Yaar ye task expected se zyada difficult nikla,Yaar,URD
Yaar ye task expected se zyada difficult nikla,ye,URD
Yaar ye task expected se zyada difficult nikla,task,ENG
Yaar ye task expected se zyada difficult nikla,expected,URD
Yaar ye task expected se zyada difficult nikla,se,URD
Yaar ye task expected se zyada difficult nikla,zyada,URD
Yaar ye task expected se zyada difficult nikla,difficult,ENG
Yaar ye task expected se zyada difficult nikla,nikla,URD
"Mujhe thoda time do, I'll figure it out",Mujhe,URD
"Mujhe thoda time do, I'll figure it out",thoda,URD
"Mujhe thoda time do, I'll figure it out",time,ENG
"Mujhe thoda time do, I'll figure it out","do,",ENG
"Mujhe thoda time do, I'll figure it out",I'll,ENG
"Mujhe thoda time do, I'll figure it out",figure,URD
"Mujhe thoda time do, I'll figure it out",it,ENG
"Mujhe thoda time do, I'll figure it out",out,URD
Bhai seriously aaj mujhe bas sona hai,Bhai,URD
Bhai seriously aaj mujhe bas sona hai,seriously,ENG
Bhai seriously aaj mujhe bas sona hai,aaj,URD
Bhai seriously aaj mujhe bas sona hai,mujhe,URD
Bhai seriously aaj mujhe bas sona hai,bas,URD
Bhai seriously aaj mujhe bas sona hai,sona,URD
Bhai seriously aaj mujhe bas sona hai,hai,URD
"Kal subah milte hain, we can talk about everything then",Kal,URD
"Kal subah milte hain, we can talk about everything then",subah,URD
"Kal subah milte hain, we can talk about everything then",milte,URD
"Kal subah milte hain, we can talk about everything then","hain,",URD
"Kal subah milte hain, we can talk about everything then",we,ENG
"Kal subah milte hain, we can talk about everything then",can,ENG
"Kal subah milte hain, we can talk about everything then",talk,ENG
"Kal subah milte hain, we can talk about everything then",about,ENG
"Kal subah milte hain, we can talk about everything then",everything,ENG
"Kal subah milte hain, we can talk about everything then",then,ENG
